filename,category,width,height,filesize,probable_use,review_status,source_page,alt,title,nearby_text,hash,source_url
logos_logo_b2549209.png,logos,600,86,25695,Logo corporativo o de marca,pending,https://centrorental.com.ar/,Centro Rental,,,b254920971b1cec659c273394731c0fc25043e5e39b5c0c720e2873a7577e584,https://ss-cnt-001c.esmsv.com/r/content/host1/70a2ea70385dbf5c122bf2b80521ef1f/img/logo.png
images_1004_9dcce9bf.jpg,images,1170,300,69088,Fotografía o recurso general del sitio,pending,https://centrorental.com.ar/,,,,9dcce9bf23558471d32d9b601bb57eb95176922b0a05aeab79a7cd6ad1e898ed,https://ss-cnt-001c.esmsv.com/r/content/host1/70a2ea70385dbf5c122bf2b80521ef1f/editor/1004.png
images_1006_e5a4b978.jpg,images,1170,300,32169,Fotografía o recurso general del sitio,pending,https://centrorental.com.ar/,,,,e5a4b9789478544df9018f3ee3f5435509c9c6437065b3d90c42c317b17b91c9,https://ss-cnt-001c.esmsv.com/r/content/host1/70a2ea70385dbf5c122bf2b80521ef1f/editor/1006.png
images_1008_cb2fa836.jpg,images,270,390,19178,Fotografía o recurso general del sitio,pending,https://centrorental.com.ar/,Alquiler y Venta,,,cb2fa836a1cb89bc06a3241f586831cfffe6566bcad021f2af945ae4bee10fec,https://ss-cnt-001c.esmsv.com/r/content/host1/70a2ea70385dbf5c122bf2b80521ef1f/editor/1008.png
images_1010_81db7c2c.jpg,images,270,390,21643,Fotografía o recurso general del sitio,pending,https://centrorental.com.ar/,Servicios,,,81db7c2c1c9af8c84941366b67741595054fa6151adf73762c68b2032d975f18,https://ss-cnt-001c.esmsv.com/r/content/host1/70a2ea70385dbf5c122bf2b80521ef1f/editor/1010.png
images_1016_5d0dd081.jpg,images,270,390,17541,Fotografía o recurso general del sitio,pending,https://centrorental.com.ar/,Instalaciones,,,5d0dd081025e7aef38b3cdc52b1b539d46d6e5b48d1bf1deb2123d705f4279de,https://ss-cnt-001c.esmsv.com/r/content/host1/70a2ea70385dbf5c122bf2b80521ef1f/editor/1016.png
images_1014_0a319084.jpg,images,270,390,17095,Fotografía o recurso general del sitio,pending,https://centrorental.com.ar/,Eventos,,,0a3190847f4650bd5c52f20334466b9f16771533fb246ab7ca9f76f730f86395,https://ss-cnt-001c.esmsv.com/r/content/host1/70a2ea70385dbf5c122bf2b80521ef1f/editor/1014.png
images_1020_5dbd7122.png,images,143,43,4436,Fotografía o recurso general del sitio,pending,https://centrorental.com.ar/,,,"Contacto: (011) 15-4429-4224 | info@centrorental.com.ar Alquiler, Venta e Instalación (011) 15 4429-4224",5dbd7122b4a106a46b24b2d364cc19b631f6b8a1de61e88f9d9a30653fd8f54a,https://ss-cnt-001c.esmsv.com/r/content/host1/70a2ea70385dbf5c122bf2b80521ef1f/editor/1020.png
images_1022_e6c5cc1d.png,images,155,43,4756,Fotografía o recurso general del sitio,pending,https://centrorental.com.ar/,,,"Contacto: (011) 15-4429-4224 | info@centrorental.com.ar Alquiler, Venta e Instalación (011) 15 4429-4224",e6c5cc1d2d89debd59e55eb9a80ccf08e5edc6460366f69e92b9cb08142af0e8,https://ss-cnt-001c.esmsv.com/r/content/host1/70a2ea70385dbf5c122bf2b80521ef1f/editor/1022.png
images_1042_03825a88.png,images,123,43,3291,Fotografía o recurso general del sitio,pending,https://centrorental.com.ar/,,,"Contacto: (011) 15-4429-4224 | info@centrorental.com.ar Alquiler, Venta e Instalación (011) 15 4429-4224",03825a88a871d9a9f3f35505db8d1e2afd8c66912ee2c3f885f4b4554cb67af8,https://ss-cnt-001c.esmsv.com/r/content/host1/70a2ea70385dbf5c122bf2b80521ef1f/editor/1042.png
images_1026_38e9861a.png,images,126,43,3479,Fotografía o recurso general del sitio,pending,https://centrorental.com.ar/,,,"Contacto: (011) 15-4429-4224 | info@centrorental.com.ar Alquiler, Venta e Instalación (011) 15 4429-4224",38e9861a7259ad1b1526c2b9f4daf56f592b29bf1ab3f21491e396b67dc1de84,https://ss-cnt-001c.esmsv.com/r/content/host1/70a2ea70385dbf5c122bf2b80521ef1f/editor/1026.png
images_1050_5ee928d7.png,images,80,43,2852,Fotografía o recurso general del sitio,pending,https://centrorental.com.ar/,,,"Contacto: (011) 15-4429-4224 | info@centrorental.com.ar Alquiler, Venta e Instalación (011) 15 4429-4224",5ee928d73f1059b8333a05f1168476109dbe827034edd42070e2ed829d5ec3e9,https://ss-cnt-001c.esmsv.com/r/content/host1/70a2ea70385dbf5c122bf2b80521ef1f/editor/1050.png
images_1054_67a622b4.png,images,112,43,4655,Fotografía o recurso general del sitio,pending,https://centrorental.com.ar/,,,"Contacto: (011) 15-4429-4224 | info@centrorental.com.ar Alquiler, Venta e Instalación (011) 15 4429-4224",67a622b4dcab1b0e9b3d79694460dc231bab7af2c9006bfe2335fca25ab26c45,https://ss-cnt-001c.esmsv.com/r/content/host1/70a2ea70385dbf5c122bf2b80521ef1f/editor/1054.png
images_1056_ca60c3f7.png,images,124,43,4188,Fotografía o recurso general del sitio,pending,https://centrorental.com.ar/,,,"Contacto: (011) 15-4429-4224 | info@centrorental.com.ar Alquiler, Venta e Instalación (011) 15 4429-4224",ca60c3f75423a0bda15d3f113d272ecd3b21851312a0490fa521a007c091dbeb,https://ss-cnt-001c.esmsv.com/r/content/host1/70a2ea70385dbf5c122bf2b80521ef1f/editor/1056.png
images_1034_88b0f8a1.png,images,100,43,2236,Fotografía o recurso general del sitio,pending,https://centrorental.com.ar/,,,"Contacto: (011) 15-4429-4224 | info@centrorental.com.ar Alquiler, Venta e Instalación (011) 15 4429-4224",88b0f8a1f6d137809d992b89c5fac48b9f818fbf38caf6c3baf2663877001868,https://ss-cnt-001c.esmsv.com/r/content/host1/70a2ea70385dbf5c122bf2b80521ef1f/editor/1034.png
images_1036_61730941.png,images,105,43,4087,Fotografía o recurso general del sitio,pending,https://centrorental.com.ar/,,,"Contacto: (011) 15-4429-4224 | info@centrorental.com.ar Alquiler, Venta e Instalación (011) 15 4429-4224",61730941b57168a2ce383df8ea2432c8f60168cd075ea0412633bc446568b95c,https://ss-cnt-001c.esmsv.com/r/content/host1/70a2ea70385dbf5c122bf2b80521ef1f/editor/1036.png
images_1048_4963deee.png,images,71,43,3082,Fotografía o recurso general del sitio,pending,https://centrorental.com.ar/,,,"Contacto: (011) 15-4429-4224 | info@centrorental.com.ar Alquiler, Venta e Instalación (011) 15 4429-4224",4963deee1bf00ec7e7741498132806cc844a819d277b3536829ee4128851e8f1,https://ss-cnt-001c.esmsv.com/r/content/host1/70a2ea70385dbf5c122bf2b80521ef1f/editor/1048.png
images_266_cb2f6f72.jpg,images,320,224,27949,Fotografía o recurso general del sitio,pending,https://centrorental.com.ar/--fortinera-deroense-2014,,,,cb2f6f729162d4fea020c81440a51fb46b46504574ec71445eeee4607ec0088f,https://ss-cnt-001c.esmsv.com/r/content/host1/70a2ea70385dbf5c122bf2b80521ef1f/editor/266.png
images_267_0b204be3.jpg,images,960,720,151648,Fotografía o recurso general del sitio,pending,https://centrorental.com.ar/--fortinera-deroense-2014,,,,0b204be32fc768818c449965e79c0bee7e835227b323ef96b2a0cfdeaef1a64b,https://ss-cnt-001c.esmsv.com/r/content/host1/70a2ea70385dbf5c122bf2b80521ef1f/editor/267.png
images_268_0bbae8c3.jpg,images,960,720,146651,Fotografía o recurso general del sitio,pending,https://centrorental.com.ar/--fortinera-deroense-2014,,,,0bbae8c3ff6af16a81abb594340aa05ec86c89b3bef830d15b2070bf7b255832,https://ss-cnt-001c.esmsv.com/r/content/host1/70a2ea70385dbf5c122bf2b80521ef1f/editor/268.png
images_269_7c7977e5.jpg,images,960,720,105998,Fotografía o recurso general del sitio,pending,https://centrorental.com.ar/--fortinera-deroense-2014,,,,7c7977e518c98666426fc91be9373ec77d2291dda7c178ebfb869a1cc879d681,https://ss-cnt-001c.esmsv.com/r/content/host1/70a2ea70385dbf5c122bf2b80521ef1f/editor/269.png
images_270_78ee9486.jpg,images,960,540,66417,Fotografía o recurso general del sitio,pending,https://centrorental.com.ar/--fortinera-deroense-2014,,,,78ee948686c2f8c44869ba4921149c0351b91eaa2a6cff27da4087a32dadcfd8,https://ss-cnt-001c.esmsv.com/r/content/host1/70a2ea70385dbf5c122bf2b80521ef1f/editor/270.png
images_271_54fe10dd.jpg,images,960,720,94082,Fotografía o recurso general del sitio,pending,https://centrorental.com.ar/--fortinera-deroense-2014,,,,54fe10dde2d03c453614b15050c8f6bd689b7ab47021a856c712a2288bdab72f,https://ss-cnt-001c.esmsv.com/r/content/host1/70a2ea70385dbf5c122bf2b80521ef1f/editor/271.png
images_272_79ca0092.jpg,images,960,720,104870,Fotografía o recurso general del sitio,pending,https://centrorental.com.ar/--fortinera-deroense-2014,,,,79ca0092381bee064141b615089a115f773daf7ccb3da0a2ada1a7eae80e3137,https://ss-cnt-001c.esmsv.com/r/content/host1/70a2ea70385dbf5c122bf2b80521ef1f/editor/272.png
images_273_b212f7d9.jpg,images,960,720,100732,Fotografía o recurso general del sitio,pending,https://centrorental.com.ar/--fortinera-deroense-2014,,,,b212f7d917d495ac35f3145ac56d881fe74ad67b03ad3ec9e53f2ba7c82e5333,https://ss-cnt-001c.esmsv.com/r/content/host1/70a2ea70385dbf5c122bf2b80521ef1f/editor/273.png
images_274_6686fcda.jpg,images,960,720,136260,Fotografía o recurso general del sitio,pending,https://centrorental.com.ar/--fortinera-deroense-2014,,,,6686fcdac7485825151c38fb671ac62281dd6f0699d576fbff2e3c9573f7b0e6,https://ss-cnt-001c.esmsv.com/r/content/host1/70a2ea70385dbf5c122bf2b80521ef1f/editor/274.png
images_275_9337abd0.jpg,images,960,540,56769,Fotografía o recurso general del sitio,pending,https://centrorental.com.ar/--fortinera-deroense-2014,,,,9337abd0f12de9320915205ee04a749cd5878ee29935d6a25aef68eaf3e2eb47,https://ss-cnt-001c.esmsv.com/r/content/host1/70a2ea70385dbf5c122bf2b80521ef1f/editor/275.png
images_276_5a1c2290.jpg,images,960,540,67235,Fotografía o recurso general del sitio,pending,https://centrorental.com.ar/--fortinera-deroense-2014,,,,5a1c22905f457c7eacf3f715c823d296efb3eb05ac2354b0fbc6afb52192e217,https://ss-cnt-001c.esmsv.com/r/content/host1/70a2ea70385dbf5c122bf2b80521ef1f/editor/276.png
images_277_42e550af.jpg,images,960,540,57443,Fotografía o recurso general del sitio,pending,https://centrorental.com.ar/--fortinera-deroense-2014,,,,42e550af5757078464a29cb3420da9c86e34cffdf51677ff5ffa6284b0084573,https://ss-cnt-001c.esmsv.com/r/content/host1/70a2ea70385dbf5c122bf2b80521ef1f/editor/277.png
images_278_dca6c1f1.jpg,images,960,540,55525,Fotografía o recurso general del sitio,pending,https://centrorental.com.ar/--fortinera-deroense-2014,,,,dca6c1f1a3bded6afcb43c88310416eb73ab2d9ad9854bbd21fd0c3981ffdee8,https://ss-cnt-001c.esmsv.com/r/content/host1/70a2ea70385dbf5c122bf2b80521ef1f/editor/278.png
images_279_33d1c01d.jpg,images,960,720,81672,Fotografía o recurso general del sitio,pending,https://centrorental.com.ar/--fortinera-deroense-2014,,,,33d1c01d22ce0cd1a5877f6865f0bd7af136b59341bdd5bbcc77f03737902995,https://ss-cnt-001c.esmsv.com/r/content/host1/70a2ea70385dbf5c122bf2b80521ef1f/editor/279.png
images_280_d6dc043a.jpg,images,960,720,71084,Fotografía o recurso general del sitio,pending,https://centrorental.com.ar/--fortinera-deroense-2014,,,,d6dc043aeb41e4adb9a2786a52073ee351d77cd99c96568002d3ea3bc03bbddb,https://ss-cnt-001c.esmsv.com/r/content/host1/70a2ea70385dbf5c122bf2b80521ef1f/editor/280.png
images_282_8d486b28.jpg,images,960,720,77689,Fotografía o recurso general del sitio,pending,https://centrorental.com.ar/--fortinera-deroense-2014,,,,8d486b28a0d345b17446ec8d6799a99463025ccbe3262ab793f348e379103386,https://ss-cnt-001c.esmsv.com/r/content/host1/70a2ea70385dbf5c122bf2b80521ef1f/editor/282.png
images_283_43c12562.jpg,images,960,720,77858,Fotografía o recurso general del sitio,pending,https://centrorental.com.ar/--fortinera-deroense-2014,,,,43c12562c6f71bb1084bbd27fab064d47103a536959f3e120bd326cf104be8cf,https://ss-cnt-001c.esmsv.com/r/content/host1/70a2ea70385dbf5c122bf2b80521ef1f/editor/283.png
images_284_09c89eb1.jpg,images,960,720,83973,Fotografía o recurso general del sitio,pending,https://centrorental.com.ar/--fortinera-deroense-2014,,,,09c89eb1f896b1850fa571ad9082e5df023c5fbb771b4d5b8b139af209a8e323,https://ss-cnt-001c.esmsv.com/r/content/host1/70a2ea70385dbf5c122bf2b80521ef1f/editor/284.png
images_285_4f805e61.jpg,images,960,720,81879,Fotografía o recurso general del sitio,pending,https://centrorental.com.ar/--fortinera-deroense-2014,,,,4f805e611a37e7f4d719220ad57e7d39b5d9e52d639e28d53b3e24539c4ff489,https://ss-cnt-001c.esmsv.com/r/content/host1/70a2ea70385dbf5c122bf2b80521ef1f/editor/285.png
images_286_5d7585d8.jpg,images,720,960,64889,Fotografía o recurso general del sitio,pending,https://centrorental.com.ar/--fortinera-deroense-2014,,,,5d7585d835fde8727dc86578138bdc43a66a52e96e361bb424850a34158f3404,https://ss-cnt-001c.esmsv.com/r/content/host1/70a2ea70385dbf5c122bf2b80521ef1f/editor/286.png
images_287_1caf03de.jpg,images,960,720,69160,Fotografía o recurso general del sitio,pending,https://centrorental.com.ar/--fortinera-deroense-2014,,,,1caf03deefde9e9f8eeed74821c71538118ae2386fa9473fa71106e8de06dda6,https://ss-cnt-001c.esmsv.com/r/content/host1/70a2ea70385dbf5c122bf2b80521ef1f/editor/287.png
images_288_4f700c42.jpg,images,960,720,84143,Fotografía o recurso general del sitio,pending,https://centrorental.com.ar/--fortinera-deroense-2014,,,,4f700c4291e5d5b3cf80400b8e1f2df13b1cb02da7e67b2996c277db0a3cbd09,https://ss-cnt-001c.esmsv.com/r/content/host1/70a2ea70385dbf5c122bf2b80521ef1f/editor/288.png
images_289_384bcefe.jpg,images,960,540,76914,Fotografía o recurso general del sitio,pending,https://centrorental.com.ar/--fortinera-deroense-2014,,,,384bcefe7862982a1e9af7d908bcc7ea4b03d2a531647af0b6840e79ffd008ef,https://ss-cnt-001c.esmsv.com/r/content/host1/70a2ea70385dbf5c122bf2b80521ef1f/editor/289.png
images_290_bc8db145.jpg,images,960,720,129691,Fotografía o recurso general del sitio,pending,https://centrorental.com.ar/--fortinera-deroense-2014,,,,bc8db14595ff213658641cad4af1ad8d4d9fabd3fcd145af488fe29d6819074b,https://ss-cnt-001c.esmsv.com/r/content/host1/70a2ea70385dbf5c122bf2b80521ef1f/editor/290.png
images_291_f83425ff.jpg,images,960,720,138423,Fotografía o recurso general del sitio,pending,https://centrorental.com.ar/--fortinera-deroense-2014,,,,f83425ff03f7a17f1aa60562ff567fcc93271c6f865cb1deb6bc4e11475dd02a,https://ss-cnt-001c.esmsv.com/r/content/host1/70a2ea70385dbf5c122bf2b80521ef1f/editor/291.png
images_292_121f0600.jpg,images,960,540,68579,Fotografía o recurso general del sitio,pending,https://centrorental.com.ar/--fortinera-deroense-2014,,,,121f06005b262e76ad2a9834708beb5a6e3d88d93fd029847cf268d218bec6dc,https://ss-cnt-001c.esmsv.com/r/content/host1/70a2ea70385dbf5c122bf2b80521ef1f/editor/292.png
images_294_5cf7d858.jpg,images,960,720,112467,Fotografía o recurso general del sitio,pending,https://centrorental.com.ar/--fortinera-deroense-2014,,,,5cf7d858d503dcd110d5a3be96a4dfa1c057d72495db1d7dab0a9d23c040fe82,https://ss-cnt-001c.esmsv.com/r/content/host1/70a2ea70385dbf5c122bf2b80521ef1f/editor/294.png
images_295_af8899d1.jpg,images,960,720,60813,Fotografía o recurso general del sitio,pending,https://centrorental.com.ar/--fortinera-deroense-2014,,,,af8899d1dcaeb69f025238a048b371d6a0b2e49764ef8c511810d79883482b99,https://ss-cnt-001c.esmsv.com/r/content/host1/70a2ea70385dbf5c122bf2b80521ef1f/editor/295.png
images_296_b0a8db02.jpg,images,960,720,56226,Fotografía o recurso general del sitio,pending,https://centrorental.com.ar/--fortinera-deroense-2014,,,,b0a8db0272b8381fd094c0a4f64248d6b883455bb35a2827be0dbb841105e651,https://ss-cnt-001c.esmsv.com/r/content/host1/70a2ea70385dbf5c122bf2b80521ef1f/editor/296.png
images_297_333b9462.jpg,images,960,720,81693,Fotografía o recurso general del sitio,pending,https://centrorental.com.ar/--fortinera-deroense-2014,,,,333b94621d79c94125a8be6637bfd0f6788d5eeb43ea0a3134deb6a5f04eec4c,https://ss-cnt-001c.esmsv.com/r/content/host1/70a2ea70385dbf5c122bf2b80521ef1f/editor/297.png
images_298_6ca0eb00.jpg,images,540,960,50149,Fotografía o recurso general del sitio,pending,https://centrorental.com.ar/--fortinera-deroense-2014,,,,6ca0eb00cc9469ffc7e1737f9dc5bbf317c09806161d786cab7a694e7c7cd71d,https://ss-cnt-001c.esmsv.com/r/content/host1/70a2ea70385dbf5c122bf2b80521ef1f/editor/298.png
images_299_a5ad75f6.jpg,images,540,960,73357,Fotografía o recurso general del sitio,pending,https://centrorental.com.ar/--fortinera-deroense-2014,,,,a5ad75f6d37cb8b9df4432ed762eacb0d898e97bc340f66ec63bf9fe9f666e64,https://ss-cnt-001c.esmsv.com/r/content/host1/70a2ea70385dbf5c122bf2b80521ef1f/editor/299.png
clients_7_fb7de445.gif,clients,280,210,16426,Logo o testimonio de cliente,pending,https://centrorental.com.ar/clientes,Asociación cristiana de dirigentes de empresa,,ACDE,fb7de445968203a4c9f8cf59cbe505ae9b603eee12c1a4175973bf8684d01e90,https://ss-cnt-001c.esmsv.com/r/content/host1/70a2ea70385dbf5c122bf2b80521ef1f/editor/7.png
clients_8_661e00eb.gif,clients,280,210,23593,Logo o testimonio de cliente,pending,https://centrorental.com.ar/clientes,Art Deco - Hotel & Suites,,ART DECO,661e00eb3f449f548103332fcb1382ba294064a03c4e5560c442ac9bf9c27a27,https://ss-cnt-001c.esmsv.com/r/content/host1/70a2ea70385dbf5c122bf2b80521ef1f/editor/8.png
clients_9_10f2887e.gif,clients,280,210,11899,Logo o testimonio de cliente,pending,https://centrorental.com.ar/clientes,Citroën,,CITROËN,10f2887e23dc0d5ea2c5113c83bc357184f8a173f0aa9c1a87f91578749615f9,https://ss-cnt-001c.esmsv.com/r/content/host1/70a2ea70385dbf5c122bf2b80521ef1f/editor/9.png
clients_10_9b312762.gif,clients,280,210,5360,Logo o testimonio de cliente,pending,https://centrorental.com.ar/clientes,Lidherma Corp.,,LIDHERMA CORP.,9b312762fa9f36dce3a51fda409e43b996b93d6f896563b166d0b2867885030a,https://ss-cnt-001c.esmsv.com/r/content/host1/70a2ea70385dbf5c122bf2b80521ef1f/editor/10.png
clients_11_e6b81e85.gif,clients,280,210,10199,Logo o testimonio de cliente,pending,https://centrorental.com.ar/clientes,Nucete,,NUCETE,e6b81e85d630e4e0cdf9cabf0c290189594671e5d85647a41a778c10f7bbd265,https://ss-cnt-001c.esmsv.com/r/content/host1/70a2ea70385dbf5c122bf2b80521ef1f/editor/11.png
clients_12_ae51dba5.gif,clients,280,210,10471,Logo o testimonio de cliente,pending,https://centrorental.com.ar/clientes,Sol Meliá - Hotels & Resorts,,SOL MELIÁ,ae51dba544710b33fbd0d5aee32355dc65648d0d2c0b0a7bf008fe99c76edf67,https://ss-cnt-001c.esmsv.com/r/content/host1/70a2ea70385dbf5c122bf2b80521ef1f/editor/12.png
clients_13_7fcef291.gif,clients,280,210,15507,Logo o testimonio de cliente,pending,https://centrorental.com.ar/clientes,Asociación del Fútbol Argentina,,AFA AABA CLUB DE AMIGOS L´ORÉAL PLAYSTATION TRILENIUM,7fcef29125b8acd299e7ae3cfc6265a1e304869f5e4aaad08310c8834736b16a,https://ss-cnt-001c.esmsv.com/r/content/host1/70a2ea70385dbf5c122bf2b80521ef1f/editor/13.png
clients_14_e105dc8e.gif,clients,280,210,18635,Logo o testimonio de cliente,pending,https://centrorental.com.ar/clientes,Asociación de Abogados de Buenos Aires,,AABA,e105dc8e78287e56cdffbcd0fccf6483b97c19cdeeb78c2e4c7d25ba6785fb48,https://ss-cnt-001c.esmsv.com/r/content/host1/70a2ea70385dbf5c122bf2b80521ef1f/editor/14.png
clients_15_0ee654ec.gif,clients,280,210,8877,Logo o testimonio de cliente,pending,https://centrorental.com.ar/clientes,Club de Amigos,,CLUB DE AMIGOS,0ee654ec349673e3ad31b4362f8abd3d7c5b986d03c290342d3a797c59666f96,https://ss-cnt-001c.esmsv.com/r/content/host1/70a2ea70385dbf5c122bf2b80521ef1f/editor/15.png
clients_16_56eb0888.gif,clients,280,210,2829,Logo o testimonio de cliente,pending,https://centrorental.com.ar/clientes,L´oréal,,L´ORÉAL,56eb0888e40e59a9dd38317aa301f4de2a3930e26ba245a48faf1c6ac3a64148,https://ss-cnt-001c.esmsv.com/r/content/host1/70a2ea70385dbf5c122bf2b80521ef1f/editor/16.png
clients_17_17f06e53.gif,clients,280,210,8646,Logo o testimonio de cliente,pending,https://centrorental.com.ar/clientes,PlayStation,,PLAYSTATION,17f06e534d381de88196fba63bd2719044beb5bef3f76ea28640131bf9410b75,https://ss-cnt-001c.esmsv.com/r/content/host1/70a2ea70385dbf5c122bf2b80521ef1f/editor/17.png
clients_18_222c77f0.gif,clients,280,210,10157,Logo o testimonio de cliente,pending,https://centrorental.com.ar/clientes,Trilenium casino,,TRILENIUM,222c77f0617d4b24d7b570a0928b1c103ffaf9d0105c84df497853ee9c4748ed,https://ss-cnt-001c.esmsv.com/r/content/host1/70a2ea70385dbf5c122bf2b80521ef1f/editor/18.png
clients_19_eefb6842.gif,clients,280,210,28561,Logo o testimonio de cliente,pending,https://centrorental.com.ar/clientes,Agro Puerto,,AGRO PUERTO,eefb68423b66c6473a96eefbab13769ce2e50837d3fc2be7df39cdcceaa3c365,https://ss-cnt-001c.esmsv.com/r/content/host1/70a2ea70385dbf5c122bf2b80521ef1f/editor/19.png
clients_20_ac228ee8.gif,clients,280,210,15421,Logo o testimonio de cliente,pending,https://centrorental.com.ar/clientes,Asociación Argentina de Televisión por Cable,,ATVC,ac228ee8dd1a208522d3ea87e8d6ba5d0ec1e0da9597884d57b605c2119eeb64,https://ss-cnt-001c.esmsv.com/r/content/host1/70a2ea70385dbf5c122bf2b80521ef1f/editor/20.png
clients_21_bb912e60.gif,clients,280,210,20047,Logo o testimonio de cliente,pending,https://centrorental.com.ar/clientes,Correo Argentino,,CORREO ARGENTINO,bb912e605e3fc2a1f0222a130c05ee48fb1323adea8238417c2166cb5436441d,https://ss-cnt-001c.esmsv.com/r/content/host1/70a2ea70385dbf5c122bf2b80521ef1f/editor/21.png
clients_22_be0eb925.gif,clients,280,210,9558,Logo o testimonio de cliente,pending,https://centrorental.com.ar/clientes,McDonald´s,,McDONALD`S,be0eb92519806274a32598647f23c883a794d9b6fb904715e776bf6020855a58,https://ss-cnt-001c.esmsv.com/r/content/host1/70a2ea70385dbf5c122bf2b80521ef1f/editor/22.png
clients_56_b6a1a823.gif,clients,280,210,6428,Logo o testimonio de cliente,pending,https://centrorental.com.ar/clientes,Eli Lilly,,ELI LILLY,b6a1a8235389fe653c75c7850d88b7b45b8abb62ba38f0d47bca450cc0a2685f,https://ss-cnt-001c.esmsv.com/r/content/host1/70a2ea70385dbf5c122bf2b80521ef1f/editor/56.png
clients_24_5fab7100.gif,clients,280,210,20997,Logo o testimonio de cliente,pending,https://centrorental.com.ar/clientes,Iglesia Universal,,IGLESIA UNIVERSAL,5fab7100a2e0d8c4ab7f1076b508d64f960f9c0021794677da4e89ecba355e65,https://ss-cnt-001c.esmsv.com/r/content/host1/70a2ea70385dbf5c122bf2b80521ef1f/editor/24.png
clients_25_47e34597.gif,clients,280,210,6727,Logo o testimonio de cliente,pending,https://centrorental.com.ar/clientes,Alhec Group,,ALHEC GROUP,47e345975e7a613b8cf19edcf9b514e16589f9f030f1b64304b4435c4eb79ee9,https://ss-cnt-001c.esmsv.com/r/content/host1/70a2ea70385dbf5c122bf2b80521ef1f/editor/25.png
clients_26_d33cb3ea.gif,clients,280,210,9660,Logo o testimonio de cliente,pending,https://centrorental.com.ar/clientes,Autopistas del Sol,,AUTOPISTAS DEL SOL,d33cb3eae2e7e424db455510ba703f6fc37ffe53ea047ef513ec8b5b0e76d5a5,https://ss-cnt-001c.esmsv.com/r/content/host1/70a2ea70385dbf5c122bf2b80521ef1f/editor/26.png
clients_27_63d1539f.gif,clients,280,210,15059,Logo o testimonio de cliente,pending,https://centrorental.com.ar/clientes,Banco Credicoop,,BANCO CREDICOOP,63d1539f2343f429dd0f52c775053214b3c9ac84b8abefc2a953e2c28db3297e,https://ss-cnt-001c.esmsv.com/r/content/host1/70a2ea70385dbf5c122bf2b80521ef1f/editor/27.png
clients_28_728645fc.gif,clients,280,210,10251,Logo o testimonio de cliente,pending,https://centrorental.com.ar/clientes,Megatlon,,MEGATLON,728645fc581f02304f7b9e89ee0fcaad06f1892656e2320621b309cb6148d215,https://ss-cnt-001c.esmsv.com/r/content/host1/70a2ea70385dbf5c122bf2b80521ef1f/editor/28.png
clients_29_ce6ed8ac.gif,clients,280,210,8902,Logo o testimonio de cliente,pending,https://centrorental.com.ar/clientes,Fundación Rey de Reyes,,FUNDACIÓN REY DE REYES,ce6ed8acd88fe8519aac2cf93cbd57ff7e9fba62a30240f0a6875c88ef24d394,https://ss-cnt-001c.esmsv.com/r/content/host1/70a2ea70385dbf5c122bf2b80521ef1f/editor/29.png
clients_30_2e5fea59.gif,clients,280,210,5513,Logo o testimonio de cliente,pending,https://centrorental.com.ar/clientes,Altana Films,,ALTANA FILMS,2e5fea597b4727f3674afb9a7ce173500ff4acec5478695dabaf8716666cc54a,https://ss-cnt-001c.esmsv.com/r/content/host1/70a2ea70385dbf5c122bf2b80521ef1f/editor/30.png
clients_31_6cec3b6e.gif,clients,280,210,20828,Logo o testimonio de cliente,pending,https://centrorental.com.ar/clientes,BAUEN Hotel,,BAUEN HOTEL,6cec3b6e2371201d1e08459bb203f98ea165c417f47956260088e8f6b8c7b4ba,https://ss-cnt-001c.esmsv.com/r/content/host1/70a2ea70385dbf5c122bf2b80521ef1f/editor/31.png
clients_32_2d482552.gif,clients,280,210,6601,Logo o testimonio de cliente,pending,https://centrorental.com.ar/clientes,Hotel Cuatro Reyes,,HOTEL CUATRO REYES,2d482552ea1ae706375f7a6cd976b8a563c9328026d0c927a2b0ca2a1f623dde,https://ss-cnt-001c.esmsv.com/r/content/host1/70a2ea70385dbf5c122bf2b80521ef1f/editor/32.png
clients_33_56fc2bad.gif,clients,280,210,16457,Logo o testimonio de cliente,pending,https://centrorental.com.ar/clientes,Mini,,MINI,56fc2bad0e8a7957e9da46919146d1ec8573935a5911365b506839dae391bd3b,https://ss-cnt-001c.esmsv.com/r/content/host1/70a2ea70385dbf5c122bf2b80521ef1f/editor/33.png
clients_34_e294c15d.gif,clients,280,210,14063,Logo o testimonio de cliente,pending,https://centrorental.com.ar/clientes,DISAB Sudamericana,,DISAB,e294c15dc2bcebde397c29c45f98999ac452e15181a135186136a3b15fe6dfb7,https://ss-cnt-001c.esmsv.com/r/content/host1/70a2ea70385dbf5c122bf2b80521ef1f/editor/34.png
clients_35_74e47a82.gif,clients,280,210,19559,Logo o testimonio de cliente,pending,https://centrorental.com.ar/clientes,ND Ateneo,,ND ATENEO,74e47a8223dda98dd3318edfb160824d30ca337f770e4e14ee38cbd814183d9b,https://ss-cnt-001c.esmsv.com/r/content/host1/70a2ea70385dbf5c122bf2b80521ef1f/editor/35.png
clients_36_33de3cbe.gif,clients,280,210,6504,Logo o testimonio de cliente,pending,https://centrorental.com.ar/clientes,Sheraton Hotel,,SHERATON,33de3cbe580561b0db36c4cbfdb5f86401ee58230d22b3137060935e4e2975eb,https://ss-cnt-001c.esmsv.com/r/content/host1/70a2ea70385dbf5c122bf2b80521ef1f/editor/36.png
clients_37_6d027c11.gif,clients,280,210,6162,Logo o testimonio de cliente,pending,https://centrorental.com.ar/clientes,Avery,,AVERY,6d027c117b5c311ef34736286668b8c6e2ea3c4bab2b543c7bc4a521e08f1634,https://ss-cnt-001c.esmsv.com/r/content/host1/70a2ea70385dbf5c122bf2b80521ef1f/editor/37.png
clients_38_fd1e081b.gif,clients,280,210,4211,Logo o testimonio de cliente,pending,https://centrorental.com.ar/clientes,Bank of Tokyo,,BANK OF TOKYO,fd1e081ba42bfe31c4597158fe3692f1e38d3e96c76c81ecb76558059f6102b4,https://ss-cnt-001c.esmsv.com/r/content/host1/70a2ea70385dbf5c122bf2b80521ef1f/editor/38.png
clients_39_313fa718.gif,clients,280,210,28110,Logo o testimonio de cliente,pending,https://centrorental.com.ar/clientes,Centro Argentino de Cartografía,,CENTRO ARGENTINO DE CARTOGRAFÍA,313fa718a52218a3158b79601e53408a246c3c389569ad5611b84e69fcfc1101,https://ss-cnt-001c.esmsv.com/r/content/host1/70a2ea70385dbf5c122bf2b80521ef1f/editor/39.png
clients_40_3baae197.gif,clients,280,210,27579,Logo o testimonio de cliente,pending,https://centrorental.com.ar/clientes,Club de Leones,,DISABCLUB DE LEONES,3baae197316c0962eed47a8fe819d0fb99d5a6ce67d314a04df76ee0b78b6789,https://ss-cnt-001c.esmsv.com/r/content/host1/70a2ea70385dbf5c122bf2b80521ef1f/editor/40.png
clients_41_813d30f3.gif,clients,280,210,12384,Logo o testimonio de cliente,pending,https://centrorental.com.ar/clientes,Holiday Inn,,HOLIDAY INN,813d30f34a5569abf37a74da9deb94d8e3be8097c420301c55489921fe4f7220,https://ss-cnt-001c.esmsv.com/r/content/host1/70a2ea70385dbf5c122bf2b80521ef1f/editor/41.png
clients_42_b37b41a0.gif,clients,280,210,17416,Logo o testimonio de cliente,pending,https://centrorental.com.ar/clientes,IHS,,AVERY BANK OF TOKYO CENTRO ARGENTINO DE CARTOGRAFÍA DISABCLUB DE LEONES HOLIDAY INN IHS,b37b41a05733bbf4b68700cd40dc4b4f35266ebe928cf33aca3f01f2f4e2302e,https://ss-cnt-001c.esmsv.com/r/content/host1/70a2ea70385dbf5c122bf2b80521ef1f/editor/42.png
clients_43_51ebd590.gif,clients,280,210,7772,Logo o testimonio de cliente,pending,https://centrorental.com.ar/clientes,Organización de Estados Iberoamericanos,,ORGANIZACIÓN DE ESTADOS IBEROAMERICANOS,51ebd5906c3baa571b75930b3dae6fb7b8d720cdf867accbf33f7ee067c9a412,https://ss-cnt-001c.esmsv.com/r/content/host1/70a2ea70385dbf5c122bf2b80521ef1f/editor/43.png
clients_44_a34581e3.gif,clients,280,210,13602,Logo o testimonio de cliente,pending,https://centrorental.com.ar/clientes,Embajada de Sudáfrica,,EMBAJADA DE SUDÁFRICA,a34581e3e3812017b05bdd230f71ffc447397bf46cd2dc02e7e4c0e46bec41ef,https://ss-cnt-001c.esmsv.com/r/content/host1/70a2ea70385dbf5c122bf2b80521ef1f/editor/44.png
clients_45_fb575517.gif,clients,280,210,4658,Logo o testimonio de cliente,pending,https://centrorental.com.ar/clientes,Ermenegildo Zegna,,ERMENEGILDO ZEGNA,fb575517f0e4058bb06e06398a0f0f20ce3d4903857a6f3b214776298a073996,https://ss-cnt-001c.esmsv.com/r/content/host1/70a2ea70385dbf5c122bf2b80521ef1f/editor/45.png
clients_60_96443811.gif,clients,280,210,16585,Logo o testimonio de cliente,pending,https://centrorental.com.ar/clientes,Barugel Azulay,,BARUGEL AZULAY,96443811fa1cad34be0ba3624c152108a4d94595e889294b2ae163dc15b31ceb,https://ss-cnt-001c.esmsv.com/r/content/host1/70a2ea70385dbf5c122bf2b80521ef1f/editor/60.png
clients_59_2803c84e.gif,clients,280,210,5591,Logo o testimonio de cliente,pending,https://centrorental.com.ar/clientes,Bumeran.com,,BUMERAN.COM,2803c84e850795fafc903bf1c5a9c666ed4c4fa02fcbd4e171c58d77953b74db,https://ss-cnt-001c.esmsv.com/r/content/host1/70a2ea70385dbf5c122bf2b80521ef1f/editor/59.png
clients_48_2c525d24.gif,clients,280,210,4284,Logo o testimonio de cliente,pending,https://centrorental.com.ar/clientes,Spinning,,SPINNING,2c525d24308e4f8ffc9d13fdadb159f175ee8e0533c372dac0d84cc380e4c758,https://ss-cnt-001c.esmsv.com/r/content/host1/70a2ea70385dbf5c122bf2b80521ef1f/editor/48.png
clients_49_5f5366a5.gif,clients,280,210,3541,Logo o testimonio de cliente,pending,https://centrorental.com.ar/clientes,Treefilms S.A.,,TREEFILMS S.A.,5f5366a5b644b713b9b0faa614f265397d28d3ee1728503ff7c8b5c7e7100d89,https://ss-cnt-001c.esmsv.com/r/content/host1/70a2ea70385dbf5c122bf2b80521ef1f/editor/49.png
clients_50_7c9a0d63.gif,clients,280,210,5937,Logo o testimonio de cliente,pending,https://centrorental.com.ar/clientes,Unicef,,UNICEF,7c9a0d63554bee4e3191b99e941e07eba6184b0286345c70b33819d1b9ed367a,https://ss-cnt-001c.esmsv.com/r/content/host1/70a2ea70385dbf5c122bf2b80521ef1f/editor/50.png
clients_51_7824fdcf.gif,clients,280,210,5220,Logo o testimonio de cliente,pending,https://centrorental.com.ar/clientes,Sempra Energy,,SEMPRA ENERGY,7824fdcf5dc9d8fb3875b916972bb112f66444bc19bba08678d795e6030efd3b,https://ss-cnt-001c.esmsv.com/r/content/host1/70a2ea70385dbf5c122bf2b80521ef1f/editor/51.png
clients_52_7e8c8af1.gif,clients,280,210,13292,Logo o testimonio de cliente,pending,https://centrorental.com.ar/clientes,Romario,,ROMARIO,7e8c8af111fc0891d355c306e1c8b9fdbf3c060055d6f3aa8c37e421584cb654,https://ss-cnt-001c.esmsv.com/r/content/host1/70a2ea70385dbf5c122bf2b80521ef1f/editor/52.png
clients_53_377fe669.gif,clients,280,210,8663,Logo o testimonio de cliente,pending,https://centrorental.com.ar/clientes,Cris Morena Group,,CRIS MORENA GROUP,377fe6692a98eeb4bf7b50272c83962c01806a0e3209395c931d8204fe37b7fe,https://ss-cnt-001c.esmsv.com/r/content/host1/70a2ea70385dbf5c122bf2b80521ef1f/editor/53.png
clients_54_4475979b.gif,clients,280,210,7309,Logo o testimonio de cliente,pending,https://centrorental.com.ar/clientes,Nitrasoil,,NITRASOIL,4475979bc5f4250d2d2d17da2b9ab57ea70a211f839501bf7490e000db468f46,https://ss-cnt-001c.esmsv.com/r/content/host1/70a2ea70385dbf5c122bf2b80521ef1f/editor/54.png
images_315_28a66c34.jpg,images,960,720,63253,Fotografía o recurso general del sitio,pending,https://centrorental.com.ar/--guamini-2013,,,,28a66c34f527b85ceb127f9aefdeaa05e123d92503285c59aad083aa2dc9f43c,https://ss-cnt-001c.esmsv.com/r/content/host1/70a2ea70385dbf5c122bf2b80521ef1f/editor/315.png
images_316_bf509e55.jpg,images,720,960,43851,Fotografía o recurso general del sitio,pending,https://centrorental.com.ar/--guamini-2013,,,,bf509e55c78a3d7d3c13a6858fa56bf2dad6279d160516c96ac50d73f4cc9c30,https://ss-cnt-001c.esmsv.com/r/content/host1/70a2ea70385dbf5c122bf2b80521ef1f/editor/316.png
images_317_d45ef659.jpg,images,960,720,82335,Fotografía o recurso general del sitio,pending,https://centrorental.com.ar/--guamini-2013,,,,d45ef6593a3b3af430db7139f0446a3a9aa872f003c4b20b1cea65d713d024fa,https://ss-cnt-001c.esmsv.com/r/content/host1/70a2ea70385dbf5c122bf2b80521ef1f/editor/317.png
images_318_dd0c4f1d.jpg,images,960,720,86269,Fotografía o recurso general del sitio,pending,https://centrorental.com.ar/--guamini-2013,,,,dd0c4f1d681b8c22fa41bfd2708fded69a043a40d16cd079d495666c968b2ce0,https://ss-cnt-001c.esmsv.com/r/content/host1/70a2ea70385dbf5c122bf2b80521ef1f/editor/318.png
images_319_ad59c8a1.jpg,images,960,720,45384,Fotografía o recurso general del sitio,pending,https://centrorental.com.ar/--guamini-2013,,,,ad59c8a1cc00fea27ae9079fc18664d81a946d12e29c4bd2ea68bef2a5afabe1,https://ss-cnt-001c.esmsv.com/r/content/host1/70a2ea70385dbf5c122bf2b80521ef1f/editor/319.png
images_320_28368814.jpg,images,960,720,66184,Fotografía o recurso general del sitio,pending,https://centrorental.com.ar/--guamini-2013,,,,2836881427ec0af923adbd82ed817261ece5cc8f73e139854061727793b5522d,https://ss-cnt-001c.esmsv.com/r/content/host1/70a2ea70385dbf5c122bf2b80521ef1f/editor/320.png
images_321_2ff1798b.jpg,images,960,720,39712,Fotografía o recurso general del sitio,pending,https://centrorental.com.ar/--guamini-2013,,,,2ff1798b6da02c7bc44a557f7e02ff8bf57c7b5d6c80c5e5a1a52fbff97ed61f,https://ss-cnt-001c.esmsv.com/r/content/host1/70a2ea70385dbf5c122bf2b80521ef1f/editor/321.png
equipment_589_82eb632c.jpg,equipment,500,500,34019,Equipamiento técnico para eventos y producción,pending,https://centrorental.com.ar/sonido-basico-2,,,"Sonido básico - Consola amplificadora, dos bafles y un micrófono de cable. - Micrófonos de cable adicionales - Micrófonos inalámbricos de mano, corbateros o ...",82eb632c829f8e281a5ac141b51b6261c1de0e8ecb2b8557aaeba8755999691c,https://ss-cnt-001c.esmsv.com/r/content/host1/70a2ea70385dbf5c122bf2b80521ef1f/editor/589.png
equipment_588_8bb8d1ae.jpg,equipment,640,480,70332,Equipamiento técnico para eventos y producción,pending,https://centrorental.com.ar/sonido-basico-2,,,,8bb8d1aeaa499341da8e2e4336b15a42f187f65aac8397508933357d5f0f3919,https://ss-cnt-001c.esmsv.com/r/content/host1/70a2ea70385dbf5c122bf2b80521ef1f/editor/588.png
equipment_590_726513f9.jpg,equipment,1833,1627,385155,Equipamiento técnico para eventos y producción,pending,https://centrorental.com.ar/sonido-basico-2,,,,726513f9084d09d1dcf9a3e2d3e6c90c49c8064db369857b93734f9618354f32,https://ss-cnt-001c.esmsv.com/r/content/host1/70a2ea70385dbf5c122bf2b80521ef1f/editor/590.png
equipment_591_70a8fe9b.jpg,equipment,2048,1152,341943,Equipamiento técnico para eventos y producción,pending,https://centrorental.com.ar/sonido-basico-2,,,,70a8fe9ba8ca02b0c0dab1a8637f5d5d25cbe4d2b73cce563914a6c3f61dc9d0,https://ss-cnt-001c.esmsv.com/r/content/host1/70a2ea70385dbf5c122bf2b80521ef1f/editor/591.png
equipment_592_f8f26af7.jpg,equipment,1152,2048,330918,Equipamiento técnico para eventos y producción,pending,https://centrorental.com.ar/sonido-basico-2,,,,f8f26af776188010fffe000034e3079f279acf5bc2ac832c4bc2584a0c379360,https://ss-cnt-001c.esmsv.com/r/content/host1/70a2ea70385dbf5c122bf2b80521ef1f/editor/592.png
equipment_594_d9dad1a2.jpg,equipment,150,90,3804,Equipamiento técnico para eventos y producción,pending,https://centrorental.com.ar/sonido-basico-2,,,,d9dad1a2087dbb3f16ead37d1b51f83c5dadd6b9b6f93c71e93ab38648f57d24,https://ss-cnt-001c.esmsv.com/r/content/host1/70a2ea70385dbf5c122bf2b80521ef1f/editor/594.png
equipment_593_f720b1bf.jpg,equipment,500,382,6268,Equipamiento técnico para eventos y producción,pending,https://centrorental.com.ar/sonido-basico-2,,,,f720b1bfbe2b5256d18635fea0d954ac751d6258d00090fe85134608ba5d5603,https://ss-cnt-001c.esmsv.com/r/content/host1/70a2ea70385dbf5c122bf2b80521ef1f/editor/593.png
events_385_dd266ec0.jpg,events,288,206,20995,Registro fotográfico de evento realizado,pending,https://centrorental.com.ar/--bienal-arte-joven-la-plata,,,,dd266ec096c78d9d73c689c3733269a78416c4258ec71c32be016657c13ef219,https://ss-cnt-001c.esmsv.com/r/content/host1/70a2ea70385dbf5c122bf2b80521ef1f/editor/385.png
events_386_ed8a5759.jpg,events,960,686,179901,Registro fotográfico de evento realizado,pending,https://centrorental.com.ar/--bienal-arte-joven-la-plata,,,,ed8a57591edfe4c5894d274db04138000c309f261e463d43bdfb0af323cce32b,https://ss-cnt-001c.esmsv.com/r/content/host1/70a2ea70385dbf5c122bf2b80521ef1f/editor/386.png
events_387_e84e2e94.jpg,events,960,648,111975,Registro fotográfico de evento realizado,pending,https://centrorental.com.ar/--bienal-arte-joven-la-plata,,,,e84e2e943ca623fc5094d1ee80ba4e3f6ddfbf66598b95289d190e87dd004674,https://ss-cnt-001c.esmsv.com/r/content/host1/70a2ea70385dbf5c122bf2b80521ef1f/editor/387.png
events_388_13fc117f.jpg,events,720,481,43841,Registro fotográfico de evento realizado,pending,https://centrorental.com.ar/--bienal-arte-joven-la-plata,,,,13fc117fe381e3f72684f90a3e67304fbcca5d81f1df2f40c5a58a85e2c8303d,https://ss-cnt-001c.esmsv.com/r/content/host1/70a2ea70385dbf5c122bf2b80521ef1f/editor/388.png
events_389_26dd16c2.jpg,events,481,720,38123,Registro fotográfico de evento realizado,pending,https://centrorental.com.ar/--bienal-arte-joven-la-plata,,,,26dd16c217c87e5d7c7c27b32a2413398412f8ddb36040bfc26d9a4796cc9a06,https://ss-cnt-001c.esmsv.com/r/content/host1/70a2ea70385dbf5c122bf2b80521ef1f/editor/389.png
events_390_ee871ab6.jpg,events,720,481,38810,Registro fotográfico de evento realizado,pending,https://centrorental.com.ar/--bienal-arte-joven-la-plata,,,,ee871ab65adeba499005102394c488e428835031329437d8e7f482a1682cfcd4,https://ss-cnt-001c.esmsv.com/r/content/host1/70a2ea70385dbf5c122bf2b80521ef1f/editor/390.png
events_391_3385e257.jpg,events,645,960,76836,Registro fotográfico de evento realizado,pending,https://centrorental.com.ar/--bienal-arte-joven-la-plata,,,,3385e257167c1dfb51a8db1afb7f94aaf69acb6e1d7c5830b26319b2fd23e585,https://ss-cnt-001c.esmsv.com/r/content/host1/70a2ea70385dbf5c122bf2b80521ef1f/editor/391.png
events_392_3f9549fb.jpg,events,481,720,53496,Registro fotográfico de evento realizado,pending,https://centrorental.com.ar/--bienal-arte-joven-la-plata,,,,3f9549fb0263e4668101ace7c81de24daf0086e1f3b8dab229e73e811cfcdebe,https://ss-cnt-001c.esmsv.com/r/content/host1/70a2ea70385dbf5c122bf2b80521ef1f/editor/392.png
events_393_c2a0cd4e.jpg,events,720,481,24794,Registro fotográfico de evento realizado,pending,https://centrorental.com.ar/--bienal-arte-joven-la-plata,,,,c2a0cd4e2929c902698080cad2f4490880ce4aefda70ee87b312ae6227ab7ac3,https://ss-cnt-001c.esmsv.com/r/content/host1/70a2ea70385dbf5c122bf2b80521ef1f/editor/393.png
events_394_f9f940f1.jpg,events,481,720,43770,Registro fotográfico de evento realizado,pending,https://centrorental.com.ar/--bienal-arte-joven-la-plata,,,,f9f940f19175e90e13f8fc2816fe9dde1fb94df4a42cafca36537697e7c9cdc8,https://ss-cnt-001c.esmsv.com/r/content/host1/70a2ea70385dbf5c122bf2b80521ef1f/editor/394.png
events_395_7d924391.jpg,events,720,481,81599,Registro fotográfico de evento realizado,pending,https://centrorental.com.ar/--bienal-arte-joven-la-plata,,,,7d9243919fb8d2239bb37f81b774870426a5cd52480b32b43f2b69fd8c61c2d2,https://ss-cnt-001c.esmsv.com/r/content/host1/70a2ea70385dbf5c122bf2b80521ef1f/editor/395.png
events_396_80ffcea2.jpg,events,481,720,27090,Registro fotográfico de evento realizado,pending,https://centrorental.com.ar/--bienal-arte-joven-la-plata,,,,80ffcea2978effa90c502fe74796e53c6158868256c88533a141ac9d86def421,https://ss-cnt-001c.esmsv.com/r/content/host1/70a2ea70385dbf5c122bf2b80521ef1f/editor/396.png
events_397_110efaba.jpg,events,481,720,26135,Registro fotográfico de evento realizado,pending,https://centrorental.com.ar/--bienal-arte-joven-la-plata,,,,110efaba4181279971d624a0ee2146689d18e1162001916fd42303dc4b3f612b,https://ss-cnt-001c.esmsv.com/r/content/host1/70a2ea70385dbf5c122bf2b80521ef1f/editor/397.png
events_398_ac41b65e.jpg,events,481,720,41539,Registro fotográfico de evento realizado,pending,https://centrorental.com.ar/--bienal-arte-joven-la-plata,,,,ac41b65e24bebf46467fa3b3d30c2f9cd41ce4711c60fc1975b0e08b045a494a,https://ss-cnt-001c.esmsv.com/r/content/host1/70a2ea70385dbf5c122bf2b80521ef1f/editor/398.png
events_399_2271dfba.jpg,events,720,481,18679,Registro fotográfico de evento realizado,pending,https://centrorental.com.ar/--bienal-arte-joven-la-plata,,,,2271dfbadc84b611f6ff08c8062da59892da452173de08a8faca4f43386907c2,https://ss-cnt-001c.esmsv.com/r/content/host1/70a2ea70385dbf5c122bf2b80521ef1f/editor/399.png
events_400_cb6ff7c9.jpg,events,720,481,17376,Registro fotográfico de evento realizado,pending,https://centrorental.com.ar/--bienal-arte-joven-la-plata,,,,cb6ff7c9e8b9de2401880d4e0deac41c9974a84d07e61c93ffa9960cb967eaa8,https://ss-cnt-001c.esmsv.com/r/content/host1/70a2ea70385dbf5c122bf2b80521ef1f/editor/400.png
events_401_d3c59daf.jpg,events,720,481,42478,Registro fotográfico de evento realizado,pending,https://centrorental.com.ar/--bienal-arte-joven-la-plata,,,,d3c59daf3eeeb744352eedb4153eae9fb3e477a6a0596d569e22846b0f094294,https://ss-cnt-001c.esmsv.com/r/content/host1/70a2ea70385dbf5c122bf2b80521ef1f/editor/401.png
equipment_1136_a19a4939.jpg,equipment,600,427,36528,Equipamiento técnico para eventos y producción,pending,https://centrorental.com.ar/streaming,,,,a19a49397487c101f9eb063bd284eef88ecac79e6fd43ed6db7ad92e472dd909,https://ss-cnt-001c.esmsv.com/r/content/host1/70a2ea70385dbf5c122bf2b80521ef1f/editor/1136.png
equipment_1138_27233b37.jpg,equipment,600,427,40390,Equipamiento técnico para eventos y producción,pending,https://centrorental.com.ar/streaming,,,,27233b3703b33f4f9c26e127a1cc57d69cca47d3b33edade2f4d86a97f604d95,https://ss-cnt-001c.esmsv.com/r/content/host1/70a2ea70385dbf5c122bf2b80521ef1f/editor/1138.png
equipment_1140_c1976561.jpg,equipment,600,427,51086,Equipamiento técnico para eventos y producción,pending,https://centrorental.com.ar/streaming,,,,c1976561e6b577a9923ef09410dcbce6c1a486b8f100e33e2183cfe862b2842e,https://ss-cnt-001c.esmsv.com/r/content/host1/70a2ea70385dbf5c122bf2b80521ef1f/editor/1140.png
images_82_847b8077.jpg,images,276,204,13656,Fotografía o recurso general del sitio,pending,https://centrorental.com.ar/--correo-argentino,,,,847b8077475ccc87d73c9dc6e066fd0af6814a999dda2fb75c03bc6eccf1e8fa,https://ss-cnt-001c.esmsv.com/r/content/host1/70a2ea70385dbf5c122bf2b80521ef1f/editor/82.png
images_83_e8ee41a4.jpg,images,276,204,15142,Fotografía o recurso general del sitio,pending,https://centrorental.com.ar/--correo-argentino,,,,e8ee41a47dc4c365f2fa6de150491a8f337cd4a198794925c0507a9ae5a02ab0,https://ss-cnt-001c.esmsv.com/r/content/host1/70a2ea70385dbf5c122bf2b80521ef1f/editor/83.png
images_84_c40c0a2a.jpg,images,276,204,13170,Fotografía o recurso general del sitio,pending,https://centrorental.com.ar/--correo-argentino,,,,c40c0a2a7d7eeacc3bf73f2719f1045270a4b155cb329708d903ec503df06879,https://ss-cnt-001c.esmsv.com/r/content/host1/70a2ea70385dbf5c122bf2b80521ef1f/editor/84.png
images_128_bb84304d.jpg,images,960,720,31359,Fotografía o recurso general del sitio,pending,https://centrorental.com.ar/cabina-dj-3d-mapping,,,,bb84304d4de6226462bf760394b0c3ddd0bff9af6f0dfa8e810a6e161e3377e9,https://ss-cnt-001c.esmsv.com/r/content/host1/70a2ea70385dbf5c122bf2b80521ef1f/editor/128.png
images_129_80c0265e.jpg,images,960,715,49137,Fotografía o recurso general del sitio,pending,https://centrorental.com.ar/cabina-dj-3d-mapping,,,,80c0265e8b9345303138df645f25ffdd5c02b865024aa99447454513de30bbab,https://ss-cnt-001c.esmsv.com/r/content/host1/70a2ea70385dbf5c122bf2b80521ef1f/editor/129.png
images_130_f643d079.jpg,images,960,720,45159,Fotografía o recurso general del sitio,pending,https://centrorental.com.ar/cabina-dj-3d-mapping,,,,f643d079bc3128524a21899309ae3cd4979a78682d8b7975d11f7e02e91b4a78,https://ss-cnt-001c.esmsv.com/r/content/host1/70a2ea70385dbf5c122bf2b80521ef1f/editor/130.png
images_131_c7f1dd38.jpg,images,960,540,32127,Fotografía o recurso general del sitio,pending,https://centrorental.com.ar/cabina-dj-3d-mapping,,,,c7f1dd3842bc11519cdfc62004dfd241c6a53362e5392c589436e7462c48ee9c,https://ss-cnt-001c.esmsv.com/r/content/host1/70a2ea70385dbf5c122bf2b80521ef1f/editor/131.png
images_141_1c7c522d.jpg,images,960,714,43069,Fotografía o recurso general del sitio,pending,https://centrorental.com.ar/cabina-dj-3d-mapping,,,,1c7c522d6b1110205dae8b4669744e0f0a82aa58af5eb4bf42e0edb78bafa025,https://ss-cnt-001c.esmsv.com/r/content/host1/70a2ea70385dbf5c122bf2b80521ef1f/editor/141.png
images_132_08a1117b.jpg,images,960,720,81466,Fotografía o recurso general del sitio,pending,https://centrorental.com.ar/cabina-dj-3d-mapping,,,,08a1117b2a26bb4e67b3c97dc836f52796c4a8e6ca9aded9e1bccfc186e6b221,https://ss-cnt-001c.esmsv.com/r/content/host1/70a2ea70385dbf5c122bf2b80521ef1f/editor/132.png
images_135_e7a34e52.jpg,images,960,720,63600,Fotografía o recurso general del sitio,pending,https://centrorental.com.ar/cabina-dj-3d-mapping,,,,e7a34e52e85f0831c108041aaf4b53caf1777b97c905c821cb3c9fbf8c529c58,https://ss-cnt-001c.esmsv.com/r/content/host1/70a2ea70385dbf5c122bf2b80521ef1f/editor/135.png
images_134_73f80fff.jpg,images,960,720,69558,Fotografía o recurso general del sitio,pending,https://centrorental.com.ar/cabina-dj-3d-mapping,,,,73f80fff1b47497088aa64e531e184dddda30d55ff13af809f38d4544a73c29a,https://ss-cnt-001c.esmsv.com/r/content/host1/70a2ea70385dbf5c122bf2b80521ef1f/editor/134.png
images_136_32b2cbb8.jpg,images,960,719,52641,Fotografía o recurso general del sitio,pending,https://centrorental.com.ar/cabina-dj-3d-mapping,,,,32b2cbb8ed603e27dcec07346d993749ecc50171daaf17d989f0656496f84798,https://ss-cnt-001c.esmsv.com/r/content/host1/70a2ea70385dbf5c122bf2b80521ef1f/editor/136.png
images_137_6926d3cb.jpg,images,960,717,64813,Fotografía o recurso general del sitio,pending,https://centrorental.com.ar/cabina-dj-3d-mapping,,,,6926d3cbbd9409318e12ee6822fb75b5a5892e175409b8ae12b9f52b78335a0b,https://ss-cnt-001c.esmsv.com/r/content/host1/70a2ea70385dbf5c122bf2b80521ef1f/editor/137.png
images_138_f91befc9.jpg,images,720,960,83839,Fotografía o recurso general del sitio,pending,https://centrorental.com.ar/cabina-dj-3d-mapping,,,,f91befc9f8e27b76e6942dae8e8db9fcaa5989718c984f0a7b2f6679f899ca22,https://ss-cnt-001c.esmsv.com/r/content/host1/70a2ea70385dbf5c122bf2b80521ef1f/editor/138.png
images_139_bbe76ddd.jpg,images,960,720,71957,Fotografía o recurso general del sitio,pending,https://centrorental.com.ar/cabina-dj-3d-mapping,,,,bbe76ddd780e9b38ffa2cc989094452ba9e87538e6fa1f0b45e69be5ea7d0f89,https://ss-cnt-001c.esmsv.com/r/content/host1/70a2ea70385dbf5c122bf2b80521ef1f/editor/139.png
equipment_327_67012d39.jpg,equipment,720,960,91621,Equipamiento técnico para eventos y producción,pending,https://centrorental.com.ar/--oei-traduccion-simultanea-de-idioma,,,,67012d394859dd9cc001312489a05f912d1771e079a65f70bc17e71b9bf88b03,https://ss-cnt-001c.esmsv.com/r/content/host1/70a2ea70385dbf5c122bf2b80521ef1f/editor/327.png
equipment_328_4ab40944.jpg,equipment,720,960,82790,Equipamiento técnico para eventos y producción,pending,https://centrorental.com.ar/--oei-traduccion-simultanea-de-idioma,,,,4ab409448135d8a737904b7085225c84e9f4b83623abffe9ad278d87bcfecda7,https://ss-cnt-001c.esmsv.com/r/content/host1/70a2ea70385dbf5c122bf2b80521ef1f/editor/328.png
equipment_329_42cc8471.jpg,equipment,960,498,60654,Equipamiento técnico para eventos y producción,pending,https://centrorental.com.ar/--oei-traduccion-simultanea-de-idioma,,,,42cc8471948146fcb15c252add4381bcd3808aa482735d162f7ec43d6a03abc4,https://ss-cnt-001c.esmsv.com/r/content/host1/70a2ea70385dbf5c122bf2b80521ef1f/editor/329.png
equipment_330_926021d1.jpg,equipment,720,960,95725,Equipamiento técnico para eventos y producción,pending,https://centrorental.com.ar/--oei-traduccion-simultanea-de-idioma,,,,926021d16546851ab97195dcb92d8e67cc88aa7d91d92beef4235148840ecc35,https://ss-cnt-001c.esmsv.com/r/content/host1/70a2ea70385dbf5c122bf2b80521ef1f/editor/330.png
equipment_331_2132053d.jpg,equipment,960,720,86694,Equipamiento técnico para eventos y producción,pending,https://centrorental.com.ar/--oei-traduccion-simultanea-de-idioma,,,,2132053d65fe7ca427843f3af3bccd87843a1498dc8aa98f23655cf0b0c9f816,https://ss-cnt-001c.esmsv.com/r/content/host1/70a2ea70385dbf5c122bf2b80521ef1f/editor/331.png
equipment_332_26831b3a.jpg,equipment,960,720,85318,Equipamiento técnico para eventos y producción,pending,https://centrorental.com.ar/--oei-traduccion-simultanea-de-idioma,,,,26831b3a3b270187e83fd8f9d37cdb70883bf925e4975154836bb7f3d02ecbc6,https://ss-cnt-001c.esmsv.com/r/content/host1/70a2ea70385dbf5c122bf2b80521ef1f/editor/332.png
equipment_333_15960c53.jpg,equipment,960,720,105427,Equipamiento técnico para eventos y producción,pending,https://centrorental.com.ar/--oei-traduccion-simultanea-de-idioma,,,,15960c53b1fb4e6a2114d9713b366a141645e8f557816f8ee24c44caa8a35f13,https://ss-cnt-001c.esmsv.com/r/content/host1/70a2ea70385dbf5c122bf2b80521ef1f/editor/333.png
equipment_334_8bd7e396.jpg,equipment,960,720,64949,Equipamiento técnico para eventos y producción,pending,https://centrorental.com.ar/--oei-traduccion-simultanea-de-idioma,,,,8bd7e396b29c79cc384e9087d3d6c65d63fb5852282f48a15793192d86ef7665,https://ss-cnt-001c.esmsv.com/r/content/host1/70a2ea70385dbf5c122bf2b80521ef1f/editor/334.png
equipment_335_1b9a3c73.jpg,equipment,720,960,69211,Equipamiento técnico para eventos y producción,pending,https://centrorental.com.ar/--oei-traduccion-simultanea-de-idioma,,,,1b9a3c73c903bda249b39d6b30f1b6d7ede548b3a89b17aa65d407a985e194a3,https://ss-cnt-001c.esmsv.com/r/content/host1/70a2ea70385dbf5c122bf2b80521ef1f/editor/335.png
images_144_a683dd3e.jpg,images,639,341,22065,Fotografía o recurso general del sitio,pending,https://centrorental.com.ar/pantallas-estructurales-modulares-2,,,,a683dd3e1f3c756a8a52241c2c97a2b28554cdb94067bd008c1e3f1cfaf92f2d,https://ss-cnt-001c.esmsv.com/r/content/host1/70a2ea70385dbf5c122bf2b80521ef1f/editor/144.png
images_147_69b392b6.jpg,images,603,408,34033,Fotografía o recurso general del sitio,pending,https://centrorental.com.ar/pantallas-estructurales-modulares-2,,,,69b392b61a9e95abcacd8ac87e85b089818564c9b08b56b304a8d937d21d842b,https://ss-cnt-001c.esmsv.com/r/content/host1/70a2ea70385dbf5c122bf2b80521ef1f/editor/147.png
images_156_b007ac6c.jpg,images,527,330,14764,Fotografía o recurso general del sitio,pending,https://centrorental.com.ar/pantallas-estructurales-modulares-2,,,,b007ac6ca49bc798f47d118b64493da12326860d02acce2e2817cb3f2b846b62,https://ss-cnt-001c.esmsv.com/r/content/host1/70a2ea70385dbf5c122bf2b80521ef1f/editor/156.png
images_154_87ee355f.jpg,images,484,456,15874,Fotografía o recurso general del sitio,pending,https://centrorental.com.ar/pantallas-estructurales-modulares-2,,,,87ee355f6a3a84c14a9e9fb27e505e4c6349b97587f3c00aebe4b5b80a49f40e,https://ss-cnt-001c.esmsv.com/r/content/host1/70a2ea70385dbf5c122bf2b80521ef1f/editor/154.png
images_143_8ae79aac.jpg,images,960,590,62061,Fotografía o recurso general del sitio,pending,https://centrorental.com.ar/pantallas-estructurales-modulares-2,,,,8ae79aacb8f7a0c97ff95ec48a49db207a7f6fbe8a7828c12116288d8d02884d,https://ss-cnt-001c.esmsv.com/r/content/host1/70a2ea70385dbf5c122bf2b80521ef1f/editor/143.png
images_153_223becaa.jpg,images,960,852,39824,Fotografía o recurso general del sitio,pending,https://centrorental.com.ar/pantallas-estructurales-modulares-2,,,,223becaa1476974b0cf6aca718e55e71dbfd63ef6b703c93a86e019351c9a6b7,https://ss-cnt-001c.esmsv.com/r/content/host1/70a2ea70385dbf5c122bf2b80521ef1f/editor/153.png
images_157_ae0eb70b.jpg,images,960,792,34211,Fotografía o recurso general del sitio,pending,https://centrorental.com.ar/pantallas-estructurales-modulares-2,,,,ae0eb70b9d72412a122e993a4d4d0fb57fd1487b152dd263d61c94c9ea93154c,https://ss-cnt-001c.esmsv.com/r/content/host1/70a2ea70385dbf5c122bf2b80521ef1f/editor/157.png
images_146_b0a24bab.jpg,images,960,960,48782,Fotografía o recurso general del sitio,pending,https://centrorental.com.ar/pantallas-estructurales-modulares-2,,,,b0a24babfeb04fc7c42cd9af244b1cc34adcc6776391227a3bfcc922cc2b7681,https://ss-cnt-001c.esmsv.com/r/content/host1/70a2ea70385dbf5c122bf2b80521ef1f/editor/146.png
images_145_13e3665e.jpg,images,960,786,99645,Fotografía o recurso general del sitio,pending,https://centrorental.com.ar/pantallas-estructurales-modulares-2,,,,13e3665e701094a3fdd9ed3651898716e15ec671dc692bf0c1aa6c3e3b68e804,https://ss-cnt-001c.esmsv.com/r/content/host1/70a2ea70385dbf5c122bf2b80521ef1f/editor/145.png
images_148_ebd70584.jpg,images,960,960,46943,Fotografía o recurso general del sitio,pending,https://centrorental.com.ar/pantallas-estructurales-modulares-2,,,,ebd70584f8baa9cc69cebf959223cbffc3a5c6c4e2916ad9ec5ef5d51281dadd,https://ss-cnt-001c.esmsv.com/r/content/host1/70a2ea70385dbf5c122bf2b80521ef1f/editor/148.png
images_149_944dd5af.jpg,images,960,639,54631,Fotografía o recurso general del sitio,pending,https://centrorental.com.ar/pantallas-estructurales-modulares-2,,,,944dd5afefd585931af2187aca467c63e931bbfd44e7942aa5c19fbdd4c8ff61,https://ss-cnt-001c.esmsv.com/r/content/host1/70a2ea70385dbf5c122bf2b80521ef1f/editor/149.png
images_150_ed18fde6.jpg,images,240,320,13369,Fotografía o recurso general del sitio,pending,https://centrorental.com.ar/pantallas-estructurales-modulares-2,,,,ed18fde611d48af9d3798141e0124587934c755b83972c57ec2d04a537bafc38,https://ss-cnt-001c.esmsv.com/r/content/host1/70a2ea70385dbf5c122bf2b80521ef1f/editor/150.png
images_151_bec74f9a.jpg,images,960,718,37507,Fotografía o recurso general del sitio,pending,https://centrorental.com.ar/pantallas-estructurales-modulares-2,,,,bec74f9a996e5114ed4af5b808636b734fd99aec7bfb1f081bcd20d760adec44,https://ss-cnt-001c.esmsv.com/r/content/host1/70a2ea70385dbf5c122bf2b80521ef1f/editor/151.png
images_158_ab23ff06.jpg,images,960,720,50194,Fotografía o recurso general del sitio,pending,https://centrorental.com.ar/pantallas-estructurales-modulares-2,,,,ab23ff0686f28cd477be6410e9275e447abe9fe8392dd6445764b71d1a44c217,https://ss-cnt-001c.esmsv.com/r/content/host1/70a2ea70385dbf5c122bf2b80521ef1f/editor/158.png
images_152_6b4d1d22.jpg,images,252,320,12330,Fotografía o recurso general del sitio,pending,https://centrorental.com.ar/pantallas-estructurales-modulares-2,,,,6b4d1d2227df1ac1b6dbccc44473b0dc987c8a941024a933e96e710004017b60,https://ss-cnt-001c.esmsv.com/r/content/host1/70a2ea70385dbf5c122bf2b80521ef1f/editor/152.png
equipment_596_cb66c8a5.jpg,equipment,640,480,55146,Equipamiento técnico para eventos y producción,pending,https://centrorental.com.ar/tarimas-y-escenarios-2,,,Tarimas y escenarios Alquiler de tarimas y escenarios ALQUILAR TARIMAS Y ESCENARIOS AHORA !,cb66c8a59c91859d96669b71a04dfc577001dd8e7b7751f1f5ca3f3a2b25e497,https://ss-cnt-001c.esmsv.com/r/content/host1/70a2ea70385dbf5c122bf2b80521ef1f/editor/596.png
equipment_597_163a8fc6.jpg,equipment,640,480,49914,Equipamiento técnico para eventos y producción,pending,https://centrorental.com.ar/tarimas-y-escenarios-2,,,,163a8fc616bf6e060922e371c4c0d79a96355ef5ff3d7a1c437a20dfb62c94cb,https://ss-cnt-001c.esmsv.com/r/content/host1/70a2ea70385dbf5c122bf2b80521ef1f/editor/597.png
equipment_598_a28a655d.jpg,equipment,480,640,44735,Equipamiento técnico para eventos y producción,pending,https://centrorental.com.ar/tarimas-y-escenarios-2,,,,a28a655d34ff1aa00775aa729eb168f079b9faf21a3fe96f08e841ef741ce387,https://ss-cnt-001c.esmsv.com/r/content/host1/70a2ea70385dbf5c122bf2b80521ef1f/editor/598.png
images_447_55cb5204.jpg,images,366,206,17066,Fotografía o recurso general del sitio,pending,https://centrorental.com.ar/--inauguracion-parroquia-san-juan-diego,,,,55cb5204c49cf0f06db9f416ffe4a4a2df48cab389ec29f2d3fe899ce384c2e9,https://ss-cnt-001c.esmsv.com/r/content/host1/70a2ea70385dbf5c122bf2b80521ef1f/editor/447.png
images_448_cd35a183.jpg,images,960,540,72325,Fotografía o recurso general del sitio,pending,https://centrorental.com.ar/--inauguracion-parroquia-san-juan-diego,,,,cd35a183df5350ce74f39c2497b8234a73dc6b876d7da880ab4df96527475a37,https://ss-cnt-001c.esmsv.com/r/content/host1/70a2ea70385dbf5c122bf2b80521ef1f/editor/448.png
images_449_2cfb7078.jpg,images,960,540,62150,Fotografía o recurso general del sitio,pending,https://centrorental.com.ar/--inauguracion-parroquia-san-juan-diego,,,,2cfb70785f9ec47a0e7b58b003b6431bbff9dba7709095e83504349ca7f322b0,https://ss-cnt-001c.esmsv.com/r/content/host1/70a2ea70385dbf5c122bf2b80521ef1f/editor/449.png
images_450_ebf0ff37.jpg,images,960,540,89523,Fotografía o recurso general del sitio,pending,https://centrorental.com.ar/--inauguracion-parroquia-san-juan-diego,,,,ebf0ff37b5ba034995b3a859512aa7fb540ac1c25dbe4f0968620dc01b5e583c,https://ss-cnt-001c.esmsv.com/r/content/host1/70a2ea70385dbf5c122bf2b80521ef1f/editor/450.png
images_451_f03c5f75.jpg,images,960,540,75899,Fotografía o recurso general del sitio,pending,https://centrorental.com.ar/--inauguracion-parroquia-san-juan-diego,,,,f03c5f75d2d77ba90098d5db69871abee71f161ed4e682e2fd9678fdc7b76ca1,https://ss-cnt-001c.esmsv.com/r/content/host1/70a2ea70385dbf5c122bf2b80521ef1f/editor/451.png
images_452_45eda2cd.jpg,images,960,540,76728,Fotografía o recurso general del sitio,pending,https://centrorental.com.ar/--inauguracion-parroquia-san-juan-diego,,,,45eda2cd0383273acbb8a49dd162a1da4177baa94b1ad83796670d7a2c286c70,https://ss-cnt-001c.esmsv.com/r/content/host1/70a2ea70385dbf5c122bf2b80521ef1f/editor/452.png
images_453_b900ba2d.jpg,images,960,540,75048,Fotografía o recurso general del sitio,pending,https://centrorental.com.ar/--inauguracion-parroquia-san-juan-diego,,,,b900ba2d9fa4d3cb297b1406937113541f127817466f126b46b9d9decc9479d3,https://ss-cnt-001c.esmsv.com/r/content/host1/70a2ea70385dbf5c122bf2b80521ef1f/editor/453.png
images_454_bf33838e.jpg,images,960,540,87215,Fotografía o recurso general del sitio,pending,https://centrorental.com.ar/--inauguracion-parroquia-san-juan-diego,,,,bf33838efc221ea97a91bed88d100ec54ff820d2424a796b4b6d56a0b729eb99,https://ss-cnt-001c.esmsv.com/r/content/host1/70a2ea70385dbf5c122bf2b80521ef1f/editor/454.png
images_455_442e767d.jpg,images,960,540,96662,Fotografía o recurso general del sitio,pending,https://centrorental.com.ar/--inauguracion-parroquia-san-juan-diego,,,,442e767daa4db4b05596d87f6c650a2e93482df664ffa3b632d6020eb3c108ba,https://ss-cnt-001c.esmsv.com/r/content/host1/70a2ea70385dbf5c122bf2b80521ef1f/editor/455.png
images_456_0a7f4472.jpg,images,500,375,40327,Fotografía o recurso general del sitio,pending,https://centrorental.com.ar/--inauguracion-parroquia-san-juan-diego,,,,0a7f44721c118d55c0153f11149e53d845f8e8d2ae14f894a97eae2b55e49c38,https://ss-cnt-001c.esmsv.com/r/content/host1/70a2ea70385dbf5c122bf2b80521ef1f/editor/456.png
images_457_ce9f0d14.jpg,images,500,375,46685,Fotografía o recurso general del sitio,pending,https://centrorental.com.ar/--inauguracion-parroquia-san-juan-diego,,,,ce9f0d1472181a8b31d80197f112efe2f1cc656f7e83464cb1167870f3df6f2e,https://ss-cnt-001c.esmsv.com/r/content/host1/70a2ea70385dbf5c122bf2b80521ef1f/editor/457.png
images_458_cbd21ec5.jpg,images,366,206,18860,Fotografía o recurso general del sitio,pending,https://centrorental.com.ar/--vicaria-de-educacion-2015-catedral-metropolitana,,,,cbd21ec57504035facca938c744452a8c0989ae2672128c98dc501a567730279,https://ss-cnt-001c.esmsv.com/r/content/host1/70a2ea70385dbf5c122bf2b80521ef1f/editor/458.png
images_459_76bf7e1f.jpg,images,960,540,106531,Fotografía o recurso general del sitio,pending,https://centrorental.com.ar/--vicaria-de-educacion-2015-catedral-metropolitana,,,,76bf7e1fc0b38e626b4a5f2b71d090e84fe82f8a0caa619943a4f17fbf8d5888,https://ss-cnt-001c.esmsv.com/r/content/host1/70a2ea70385dbf5c122bf2b80521ef1f/editor/459.png
images_460_a27dd4a5.jpg,images,960,540,93960,Fotografía o recurso general del sitio,pending,https://centrorental.com.ar/--vicaria-de-educacion-2015-catedral-metropolitana,,,,a27dd4a5bba2c1e6a340d11c3de6b04c44d626e04965facd3725971361a015fe,https://ss-cnt-001c.esmsv.com/r/content/host1/70a2ea70385dbf5c122bf2b80521ef1f/editor/460.png
images_461_06b4e87d.jpg,images,960,540,96008,Fotografía o recurso general del sitio,pending,https://centrorental.com.ar/--vicaria-de-educacion-2015-catedral-metropolitana,,,,06b4e87df1b2ad5e947452176a4dcfd295de97c8760c5b4b52a872a69566bf65,https://ss-cnt-001c.esmsv.com/r/content/host1/70a2ea70385dbf5c122bf2b80521ef1f/editor/461.png
images_462_ca42271b.jpg,images,960,540,95857,Fotografía o recurso general del sitio,pending,https://centrorental.com.ar/--vicaria-de-educacion-2015-catedral-metropolitana,,,,ca42271bd34a4dec352ab6dbbbcb30bd2b674ba432e327c12c4665d6bd83d1d8,https://ss-cnt-001c.esmsv.com/r/content/host1/70a2ea70385dbf5c122bf2b80521ef1f/editor/462.png
images_463_738c8c0f.jpg,images,960,540,77476,Fotografía o recurso general del sitio,pending,https://centrorental.com.ar/--vicaria-de-educacion-2015-catedral-metropolitana,,,,738c8c0fa4faa0a3e334ca32cb785c2921c06006bd615610ee85580233d77848,https://ss-cnt-001c.esmsv.com/r/content/host1/70a2ea70385dbf5c122bf2b80521ef1f/editor/463.png
images_464_428ed1d7.jpg,images,960,540,94612,Fotografía o recurso general del sitio,pending,https://centrorental.com.ar/--vicaria-de-educacion-2015-catedral-metropolitana,,,,428ed1d729ffe1e7b2055e27e9bf924b11d2782f6152ed85936f32246fa9ccc6,https://ss-cnt-001c.esmsv.com/r/content/host1/70a2ea70385dbf5c122bf2b80521ef1f/editor/464.png
images_465_f074da15.jpg,images,960,540,63791,Fotografía o recurso general del sitio,pending,https://centrorental.com.ar/--vicaria-de-educacion-2015-catedral-metropolitana,,,,f074da158121272bbf63837b3af1de8fcedccd880d679647836c9c114fc6d180,https://ss-cnt-001c.esmsv.com/r/content/host1/70a2ea70385dbf5c122bf2b80521ef1f/editor/465.png
images_466_13bc9e60.jpg,images,960,540,78869,Fotografía o recurso general del sitio,pending,https://centrorental.com.ar/--vicaria-de-educacion-2015-catedral-metropolitana,,,,13bc9e60111fe2f563d58d2b57da8a45e66c271d18c93adf7645755ab4e5fd84,https://ss-cnt-001c.esmsv.com/r/content/host1/70a2ea70385dbf5c122bf2b80521ef1f/editor/466.png
images_467_a63c2610.jpg,images,960,540,76863,Fotografía o recurso general del sitio,pending,https://centrorental.com.ar/--vicaria-de-educacion-2015-catedral-metropolitana,,,,a63c2610cf4b11d3dbdb3fe09c15c9d8e7fcb3838e5571f83e36e0ca6e1f121c,https://ss-cnt-001c.esmsv.com/r/content/host1/70a2ea70385dbf5c122bf2b80521ef1f/editor/467.png
images_468_7e03f7f9.jpg,images,960,540,76197,Fotografía o recurso general del sitio,pending,https://centrorental.com.ar/--vicaria-de-educacion-2015-catedral-metropolitana,,,,7e03f7f9034c05fd8a0210a07c9f4ae2421c066599dfb62e5eb203fe73292f28,https://ss-cnt-001c.esmsv.com/r/content/host1/70a2ea70385dbf5c122bf2b80521ef1f/editor/468.png
images_469_114d6e3a.jpg,images,960,540,90580,Fotografía o recurso general del sitio,pending,https://centrorental.com.ar/--vicaria-de-educacion-2015-catedral-metropolitana,,,,114d6e3a58985f1b51e2e83d6b8021cd3d9bb00946ab14fffdd1396abf3686a5,https://ss-cnt-001c.esmsv.com/r/content/host1/70a2ea70385dbf5c122bf2b80521ef1f/editor/469.png
images_470_0fe4dcf3.jpg,images,960,540,99218,Fotografía o recurso general del sitio,pending,https://centrorental.com.ar/--vicaria-de-educacion-2015-catedral-metropolitana,,,,0fe4dcf36825fa2b2e5b8d327455133e958bbd58912f8499c9f0485e59369843,https://ss-cnt-001c.esmsv.com/r/content/host1/70a2ea70385dbf5c122bf2b80521ef1f/editor/470.png
images_471_65899b1c.jpg,images,960,540,69797,Fotografía o recurso general del sitio,pending,https://centrorental.com.ar/--vicaria-de-educacion-2015-catedral-metropolitana,,,,65899b1c99d49ac38ba7dab2617e7c3a86c0356d3f0aa74734a0f29762c82f04,https://ss-cnt-001c.esmsv.com/r/content/host1/70a2ea70385dbf5c122bf2b80521ef1f/editor/471.png
images_472_d878258a.jpg,images,960,540,72414,Fotografía o recurso general del sitio,pending,https://centrorental.com.ar/--vicaria-de-educacion-2015-catedral-metropolitana,,,,d878258a2a13ef91be3d766090d61d28f54c6376bbe934e99084e3a0001df80c,https://ss-cnt-001c.esmsv.com/r/content/host1/70a2ea70385dbf5c122bf2b80521ef1f/editor/472.png
images_473_19e52aac.jpg,images,960,540,80135,Fotografía o recurso general del sitio,pending,https://centrorental.com.ar/--vicaria-de-educacion-2015-catedral-metropolitana,,,,19e52aace19cff844ee7444561edc0817534be1a6ddb2746231d8a6ba32cc056,https://ss-cnt-001c.esmsv.com/r/content/host1/70a2ea70385dbf5c122bf2b80521ef1f/editor/473.png
events_209_9aa27bde.jpg,events,960,637,109009,Registro fotográfico de evento realizado,pending,https://centrorental.com.ar/--fatima-flores-en-teatro-tabaris,,,,9aa27bde64f0cd216df5bcee85057c8b957896046ba48e79d7a848fd6a012d7c,https://ss-cnt-001c.esmsv.com/r/content/host1/70a2ea70385dbf5c122bf2b80521ef1f/editor/209.png
events_210_d4b0eab6.jpg,events,960,640,70850,Registro fotográfico de evento realizado,pending,https://centrorental.com.ar/--fatima-flores-en-teatro-tabaris,,,,d4b0eab669daf388076a7695d7f5a8dcc137c9f7c126b627c9c86979c6e7ac65,https://ss-cnt-001c.esmsv.com/r/content/host1/70a2ea70385dbf5c122bf2b80521ef1f/editor/210.png
events_211_29f77674.jpg,events,960,721,62168,Registro fotográfico de evento realizado,pending,https://centrorental.com.ar/--fatima-flores-en-teatro-tabaris,,,,29f776742576639d74109427852bcb2910d3b66ad55f6088f19bb625f106122e,https://ss-cnt-001c.esmsv.com/r/content/host1/70a2ea70385dbf5c122bf2b80521ef1f/editor/211.png
events_212_3ba9c557.jpg,events,960,720,49487,Registro fotográfico de evento realizado,pending,https://centrorental.com.ar/--fatima-flores-en-teatro-tabaris,,,,3ba9c55785f688910400b31d791ea8c6240e54943f35b37f230a7dfc8cfbec40,https://ss-cnt-001c.esmsv.com/r/content/host1/70a2ea70385dbf5c122bf2b80521ef1f/editor/212.png
events_213_b694b4d6.jpg,events,960,721,77605,Registro fotográfico de evento realizado,pending,https://centrorental.com.ar/--fatima-flores-en-teatro-tabaris,,,,b694b4d6e82cf0b1db0e09eb850ff8c8a5b3ff97843fa99e03d0df47f938513b,https://ss-cnt-001c.esmsv.com/r/content/host1/70a2ea70385dbf5c122bf2b80521ef1f/editor/213.png
events_214_59a71686.jpg,events,960,720,115401,Registro fotográfico de evento realizado,pending,https://centrorental.com.ar/--fatima-flores-en-teatro-tabaris,,,,59a716863b73a520a37df888af2a6f822bcc3a6bef6a9cbfa0b7bcc1d70c2cc0,https://ss-cnt-001c.esmsv.com/r/content/host1/70a2ea70385dbf5c122bf2b80521ef1f/editor/214.png
events_215_cb491f9f.jpg,events,960,720,72557,Registro fotográfico de evento realizado,pending,https://centrorental.com.ar/--fatima-flores-en-teatro-tabaris,,,,cb491f9f7390a38112659dc29f7c0f5d1260e3b5c79779093e91160d7e6950c0,https://ss-cnt-001c.esmsv.com/r/content/host1/70a2ea70385dbf5c122bf2b80521ef1f/editor/215.png
events_216_5d98d931.jpg,events,960,720,91072,Registro fotográfico de evento realizado,pending,https://centrorental.com.ar/--fatima-flores-en-teatro-tabaris,,,,5d98d9318275299fbcb03115af94e2ba974e60923a90f9d01a2ff1794be1a09d,https://ss-cnt-001c.esmsv.com/r/content/host1/70a2ea70385dbf5c122bf2b80521ef1f/editor/216.png
events_217_25321f56.jpg,events,960,658,58643,Registro fotográfico de evento realizado,pending,https://centrorental.com.ar/--fatima-flores-en-teatro-tabaris,,,,25321f56597edf0ae262f3c6231f25f428740d8b721784c63536132acec50021,https://ss-cnt-001c.esmsv.com/r/content/host1/70a2ea70385dbf5c122bf2b80521ef1f/editor/217.png
events_218_e7b1c5dc.jpg,events,552,385,24202,Registro fotográfico de evento realizado,pending,https://centrorental.com.ar/--fatima-flores-en-teatro-tabaris,,,,e7b1c5dc8384b5658d4e9bd262872611c8f6de362cb9a8bf079e96fd82f582d5,https://ss-cnt-001c.esmsv.com/r/content/host1/70a2ea70385dbf5c122bf2b80521ef1f/editor/218.png
images_559_1a2ad7d3.jpg,images,1000,1000,44455,Fotografía o recurso general del sitio,pending,https://centrorental.com.ar/pantallas-con-tripode,,,,1a2ad7d3fe8079385c2da2f89f0dc7f5811491526f21d3594d7570a20987248a,https://ss-cnt-001c.esmsv.com/r/content/host1/70a2ea70385dbf5c122bf2b80521ef1f/editor/559.png
images_560_ae0018c5.jpg,images,500,500,14676,Fotografía o recurso general del sitio,pending,https://centrorental.com.ar/pantallas-con-tripode,,,,ae0018c55222392bd3ce5ba8f4d16c70eaf2f9253582177be1a91c4913071e1d,https://ss-cnt-001c.esmsv.com/r/content/host1/70a2ea70385dbf5c122bf2b80521ef1f/editor/560.png
images_561_166fa34c.jpg,images,500,388,15085,Fotografía o recurso general del sitio,pending,https://centrorental.com.ar/pantallas-con-tripode,,,,166fa34cff34a322ccdb23fdac2ea57e90618ca7b9c6e35775cb4b4b3ec22453,https://ss-cnt-001c.esmsv.com/r/content/host1/70a2ea70385dbf5c122bf2b80521ef1f/editor/561.png
images_562_de0690c1.jpg,images,400,400,9712,Fotografía o recurso general del sitio,pending,https://centrorental.com.ar/pantallas-con-tripode,,,,de0690c193b02d998fbe2c70c64715bc1f75dcc3bf05ef93872e3e6693d6c8c4,https://ss-cnt-001c.esmsv.com/r/content/host1/70a2ea70385dbf5c122bf2b80521ef1f/editor/562.png
images_563_5af6474d.jpg,images,500,500,16712,Fotografía o recurso general del sitio,pending,https://centrorental.com.ar/pantallas-con-tripode,,,,5af6474dc4acb30dea74a44be979ce4ae9dad7f90a7041e1d6880ce6f7b70b33,https://ss-cnt-001c.esmsv.com/r/content/host1/70a2ea70385dbf5c122bf2b80521ef1f/editor/563.png
images_436_5c85c8e6.jpg,images,960,541,74239,Fotografía o recurso general del sitio,pending,https://centrorental.com.ar/--exo-logistica-esteban-echeverria-planta-nike,,,,5c85c8e6c6854677f25ba9e70da2c57103ead9dc05b600385de1d0df0b361130,https://ss-cnt-001c.esmsv.com/r/content/host1/70a2ea70385dbf5c122bf2b80521ef1f/editor/436.png
images_437_7588d89b.jpg,images,960,540,81835,Fotografía o recurso general del sitio,pending,https://centrorental.com.ar/--exo-logistica-esteban-echeverria-planta-nike,,,,7588d89b6ebb07270025940a44678540e77a56981434c8b3034046dd83132d38,https://ss-cnt-001c.esmsv.com/r/content/host1/70a2ea70385dbf5c122bf2b80521ef1f/editor/437.png
images_438_d47683e0.jpg,images,960,540,91953,Fotografía o recurso general del sitio,pending,https://centrorental.com.ar/--exo-logistica-esteban-echeverria-planta-nike,,,,d47683e0c98d5c72dd41b599f3551bf63783eb00be69f8d8cd8926f09897520f,https://ss-cnt-001c.esmsv.com/r/content/host1/70a2ea70385dbf5c122bf2b80521ef1f/editor/438.png
images_439_8a7002a0.jpg,images,960,540,71400,Fotografía o recurso general del sitio,pending,https://centrorental.com.ar/--exo-logistica-esteban-echeverria-planta-nike,,,,8a7002a077647761acb48e2668ffbb9e22d1deb3b43d0e682ee602284a06edfd,https://ss-cnt-001c.esmsv.com/r/content/host1/70a2ea70385dbf5c122bf2b80521ef1f/editor/439.png
images_440_48290baa.jpg,images,960,540,65682,Fotografía o recurso general del sitio,pending,https://centrorental.com.ar/--exo-logistica-esteban-echeverria-planta-nike,,,,48290baa4b8892b33eb924990b533e4f1f763b95adc9a1174930882cf98dbf90,https://ss-cnt-001c.esmsv.com/r/content/host1/70a2ea70385dbf5c122bf2b80521ef1f/editor/440.png
images_441_0f42fbac.jpg,images,960,540,77435,Fotografía o recurso general del sitio,pending,https://centrorental.com.ar/--exo-logistica-esteban-echeverria-planta-nike,,,,0f42fbace5dd348d0d1a67a4247595ab23e6f31ba2fffc3d20108478ff660b83,https://ss-cnt-001c.esmsv.com/r/content/host1/70a2ea70385dbf5c122bf2b80521ef1f/editor/441.png
images_442_c64d1508.jpg,images,960,541,83599,Fotografía o recurso general del sitio,pending,https://centrorental.com.ar/--exo-logistica-esteban-echeverria-planta-nike,,,,c64d15082e2ac33888dc078262fc04dfe8c5cdc2ca1e324772373917f56ce332,https://ss-cnt-001c.esmsv.com/r/content/host1/70a2ea70385dbf5c122bf2b80521ef1f/editor/442.png
images_443_d4d9f767.jpg,images,960,540,80890,Fotografía o recurso general del sitio,pending,https://centrorental.com.ar/--exo-logistica-esteban-echeverria-planta-nike,,,,d4d9f7672ca92d55797622d5c5b821cd1fe5ad6364ecb51a6e9d59e311981b24,https://ss-cnt-001c.esmsv.com/r/content/host1/70a2ea70385dbf5c122bf2b80521ef1f/editor/443.png
images_444_712ea2e3.jpg,images,960,540,76889,Fotografía o recurso general del sitio,pending,https://centrorental.com.ar/--exo-logistica-esteban-echeverria-planta-nike,,,,712ea2e3f835fdb69160e62d6a2c04cb5759880bf3a11738c78f9dcd69b15552,https://ss-cnt-001c.esmsv.com/r/content/host1/70a2ea70385dbf5c122bf2b80521ef1f/editor/444.png
images_445_d129de6e.jpg,images,960,540,101723,Fotografía o recurso general del sitio,pending,https://centrorental.com.ar/--exo-logistica-esteban-echeverria-planta-nike,,,,d129de6e640e6d9c0398222a14e3533afe2ba00655b441710d60fe25729eba53,https://ss-cnt-001c.esmsv.com/r/content/host1/70a2ea70385dbf5c122bf2b80521ef1f/editor/445.png
images_446_f19f3a68.jpg,images,960,540,92210,Fotografía o recurso general del sitio,pending,https://centrorental.com.ar/--exo-logistica-esteban-echeverria-planta-nike,,,,f19f3a68b9730e7cbc39e1fba68f6423f67be79f32ddcc8c5697077274241861,https://ss-cnt-001c.esmsv.com/r/content/host1/70a2ea70385dbf5c122bf2b80521ef1f/editor/446.png
events_1234_1f939658.jpg,events,1600,1067,191558,Registro fotográfico de evento realizado,pending,https://centrorental.com.ar/teatro-nd-pantalla-led-28-de-5x3,,,teatro nd Breve texto explicativo ...,1f9396588be8c4e9fb1b8b697cc3b5975d9d322002b4c3e5a3ddfcc4145828c8,https://ss-cnt-001c.esmsv.com/r/content/host1/70a2ea70385dbf5c122bf2b80521ef1f/editor/1234.png
events_1236_ebd7799d.jpg,events,1600,1067,194134,Registro fotográfico de evento realizado,pending,https://centrorental.com.ar/teatro-nd-pantalla-led-28-de-5x3,,,,ebd7799d03536ee86812d46b95f0687772b42efb41539f0fb1217e45c54ed45a,https://ss-cnt-001c.esmsv.com/r/content/host1/70a2ea70385dbf5c122bf2b80521ef1f/editor/1236.png
events_1238_a845b24e.jpg,events,1600,1164,363859,Registro fotográfico de evento realizado,pending,https://centrorental.com.ar/teatro-nd-pantalla-led-28-de-5x3,,,,a845b24ef35965bd2c32a5b27f7b9fb8960b531abc5bbb9a73696198ecc4d770,https://ss-cnt-001c.esmsv.com/r/content/host1/70a2ea70385dbf5c122bf2b80521ef1f/editor/1238.png
events_1240_d3a78e1d.jpg,events,1600,1105,317115,Registro fotográfico de evento realizado,pending,https://centrorental.com.ar/teatro-nd-pantalla-led-28-de-5x3,,,,d3a78e1d18d9f05cba1cf4d8a1b4b082daec2fccc1811033f3eee7f52578a431,https://ss-cnt-001c.esmsv.com/r/content/host1/70a2ea70385dbf5c122bf2b80521ef1f/editor/1240.png
events_1242_1b77c575.jpg,events,1600,1234,209182,Registro fotográfico de evento realizado,pending,https://centrorental.com.ar/teatro-nd-pantalla-led-28-de-5x3,,,,1b77c575f692cd390288bbc3e8d4d29ff1e0e7de58f54b281f81e1b400aa1e9d,https://ss-cnt-001c.esmsv.com/r/content/host1/70a2ea70385dbf5c122bf2b80521ef1f/editor/1242.png
events_1244_83f0f273.jpg,events,1600,1067,177633,Registro fotográfico de evento realizado,pending,https://centrorental.com.ar/teatro-nd-pantalla-led-28-de-5x3,,,,83f0f2738fc66633ef1824205e8868432a0c010ff7f049cb449fcd56a29e8436,https://ss-cnt-001c.esmsv.com/r/content/host1/70a2ea70385dbf5c122bf2b80521ef1f/editor/1244.png
events_1246_724e58f9.jpg,events,1081,1351,187732,Registro fotográfico de evento realizado,pending,https://centrorental.com.ar/teatro-nd-pantalla-led-28-de-5x3,,,,724e58f9affc58eb344d80b6d1e2e8648284998aebba1689cd75a68d55a7240d,https://ss-cnt-001c.esmsv.com/r/content/host1/70a2ea70385dbf5c122bf2b80521ef1f/editor/1246.png
images_509_8225898a.jpg,images,640,480,16582,Fotografía o recurso general del sitio,pending,https://centrorental.com.ar/pantallas-panoramicas-2,,,,8225898ad752df3a357cafc04500ce5b4270312cca93092b6f657410add7a419,https://ss-cnt-001c.esmsv.com/r/content/host1/70a2ea70385dbf5c122bf2b80521ef1f/editor/509.png
images_510_8ab4745d.jpg,images,640,480,21478,Fotografía o recurso general del sitio,pending,https://centrorental.com.ar/pantallas-panoramicas-2,,,,8ab4745daa60ff62fd4bf6981ebf2c906c056e9e22b2bf0c5b06e729bc89f254,https://ss-cnt-001c.esmsv.com/r/content/host1/70a2ea70385dbf5c122bf2b80521ef1f/editor/510.png
images_511_7d4afdd5.jpg,images,640,480,24225,Fotografía o recurso general del sitio,pending,https://centrorental.com.ar/pantallas-panoramicas-2,,,,7d4afdd520e2cd9e21b16d70681a201ed4505f98323eb7c59fae712707c58201,https://ss-cnt-001c.esmsv.com/r/content/host1/70a2ea70385dbf5c122bf2b80521ef1f/editor/511.png
images_512_b5a46165.jpg,images,640,480,23330,Fotografía o recurso general del sitio,pending,https://centrorental.com.ar/pantallas-panoramicas-2,,,,b5a4616519c312130de1d3b76b6b51e73013f4390a72c1342434be87bced1172,https://ss-cnt-001c.esmsv.com/r/content/host1/70a2ea70385dbf5c122bf2b80521ef1f/editor/512.png
images_513_5cb9dbc1.jpg,images,640,480,21126,Fotografía o recurso general del sitio,pending,https://centrorental.com.ar/pantallas-panoramicas-2,,,,5cb9dbc1c483a07bc1809d5c22b0b0472e52c618b7cec5fca178356c069ab0fd,https://ss-cnt-001c.esmsv.com/r/content/host1/70a2ea70385dbf5c122bf2b80521ef1f/editor/513.png
images_514_a6b8cf55.jpg,images,640,480,28739,Fotografía o recurso general del sitio,pending,https://centrorental.com.ar/pantallas-panoramicas-2,,,,a6b8cf555469e7048e4be4d6a213ecec9677ecde4399984a2b871f7d4c80066b,https://ss-cnt-001c.esmsv.com/r/content/host1/70a2ea70385dbf5c122bf2b80521ef1f/editor/514.png
images_515_9c2090c2.jpg,images,640,480,23863,Fotografía o recurso general del sitio,pending,https://centrorental.com.ar/pantallas-panoramicas-2,,,,9c2090c2039e118af529845cf30f9df940bd745dc4a083ea0de99edd1e5de158,https://ss-cnt-001c.esmsv.com/r/content/host1/70a2ea70385dbf5c122bf2b80521ef1f/editor/515.png
images_516_d61d9f2b.jpg,images,640,480,23391,Fotografía o recurso general del sitio,pending,https://centrorental.com.ar/pantallas-panoramicas-2,,,,d61d9f2bb9a02a2405d260e19767233406fce754ba4404810ca5321a2fe6c397,https://ss-cnt-001c.esmsv.com/r/content/host1/70a2ea70385dbf5c122bf2b80521ef1f/editor/516.png
products_606_b9dcbc78.jpg,products,500,281,30643,Producto de alquiler retail o venta,pending,https://centrorental.com.ar/biombos--backups,,,"Biombos CARACTERÍSTICAS - Medida Única 2.20 x 1.10 x 1.10 mts - Los Biombos están construidos con tubos de aluminio estructural, muy livianos, de fácil y ráp...",b9dcbc7841c8fda9fa440014831c08b9c490ad968b53f86bd0a67c40800e987c,https://ss-cnt-001c.esmsv.com/r/content/host1/70a2ea70385dbf5c122bf2b80521ef1f/editor/606.png
products_600_a1275970.jpg,products,500,281,29309,Producto de alquiler retail o venta,pending,https://centrorental.com.ar/biombos--backups,,,,a127597041437b678d4460eb1ae8bde85664b2af256fe89abc945888d347048a,https://ss-cnt-001c.esmsv.com/r/content/host1/70a2ea70385dbf5c122bf2b80521ef1f/editor/600.png
products_601_49da9138.jpg,products,500,281,30263,Producto de alquiler retail o venta,pending,https://centrorental.com.ar/biombos--backups,,,,49da91380b9708d856f39f88e5879137f3647193b6b11d963b4d8af76b53d728,https://ss-cnt-001c.esmsv.com/r/content/host1/70a2ea70385dbf5c122bf2b80521ef1f/editor/601.png
products_602_76cc52e9.jpg,products,311,206,12580,Producto de alquiler retail o venta,pending,https://centrorental.com.ar/biombos--backups,,,,76cc52e987206be8aca7e300c8ff40b15793d391229049baffb72379ce310c45,https://ss-cnt-001c.esmsv.com/r/content/host1/70a2ea70385dbf5c122bf2b80521ef1f/editor/602.png
products_603_173d6640.jpg,products,500,281,29336,Producto de alquiler retail o venta,pending,https://centrorental.com.ar/biombos--backups,,,,173d66401c2dab693b11ab680d12ecc26d67c5f6c7e0c3ec2bcc76c9770e8509,https://ss-cnt-001c.esmsv.com/r/content/host1/70a2ea70385dbf5c122bf2b80521ef1f/editor/603.png
products_604_ad7137b3.jpg,products,500,281,31666,Producto de alquiler retail o venta,pending,https://centrorental.com.ar/biombos--backups,,,,ad7137b3c7d02e81b3cc3ceeddd50c590094c43993417c49d52932da268a6f3f,https://ss-cnt-001c.esmsv.com/r/content/host1/70a2ea70385dbf5c122bf2b80521ef1f/editor/604.png
products_605_02a64209.jpg,products,500,281,33331,Producto de alquiler retail o venta,pending,https://centrorental.com.ar/biombos--backups,,,,02a6420982628ed05c7f0b36fa49055601d11c70db253ec4ffd8a261bc4e06e2,https://ss-cnt-001c.esmsv.com/r/content/host1/70a2ea70385dbf5c122bf2b80521ef1f/editor/605.png
products_607_5237acab.jpg,products,500,281,32778,Producto de alquiler retail o venta,pending,https://centrorental.com.ar/biombos--backups,,,,5237acaba439f2827b15fc44d41cf201535d995a0698884cf8f9f98b3c107560,https://ss-cnt-001c.esmsv.com/r/content/host1/70a2ea70385dbf5c122bf2b80521ef1f/editor/607.png
products_608_718fa5d0.jpg,products,500,281,34522,Producto de alquiler retail o venta,pending,https://centrorental.com.ar/biombos--backups,,,,718fa5d072d92d6e20720f3951675baa7844032f6752ee33946e889300e7c7b2,https://ss-cnt-001c.esmsv.com/r/content/host1/70a2ea70385dbf5c122bf2b80521ef1f/editor/608.png
products_609_9cb74833.jpg,products,500,257,16397,Producto de alquiler retail o venta,pending,https://centrorental.com.ar/biombos--backups,,,,9cb748330951e42e0d08b05026e42ea862c1fea8b667e4e18bef6e6b52bf00d0,https://ss-cnt-001c.esmsv.com/r/content/host1/70a2ea70385dbf5c122bf2b80521ef1f/editor/609.png
products_610_2ce0cec8.jpg,products,500,281,28718,Producto de alquiler retail o venta,pending,https://centrorental.com.ar/biombos--backups,,,,2ce0cec87e198968fc673c2d4661285a072b5a99b136cc98fd170fe27c566ad4,https://ss-cnt-001c.esmsv.com/r/content/host1/70a2ea70385dbf5c122bf2b80521ef1f/editor/610.png
products_611_6947862c.jpg,products,500,284,21662,Producto de alquiler retail o venta,pending,https://centrorental.com.ar/biombos--backups,,,,6947862cc643a6435eb8fe344573c0f864ce001c2681fee0a61e30438c78b762,https://ss-cnt-001c.esmsv.com/r/content/host1/70a2ea70385dbf5c122bf2b80521ef1f/editor/611.png
products_612_824acc72.jpg,products,500,281,33984,Producto de alquiler retail o venta,pending,https://centrorental.com.ar/biombos--backups,,,,824acc72c5001dc0e50e6f7bec2abdd70ae71e3e23526a22e3cc4d6f46974ffe,https://ss-cnt-001c.esmsv.com/r/content/host1/70a2ea70385dbf5c122bf2b80521ef1f/editor/612.png
products_613_55650265.jpg,products,500,281,35985,Producto de alquiler retail o venta,pending,https://centrorental.com.ar/biombos--backups,,,,55650265709e3a50bccdc1e927fe51183fe2fa5fb72061e220b2f0b54a3f10b7,https://ss-cnt-001c.esmsv.com/r/content/host1/70a2ea70385dbf5c122bf2b80521ef1f/editor/613.png
images_474_962a464f.jpg,images,500,375,30360,Fotografía o recurso general del sitio,pending,https://centrorental.com.ar/--oei-org-de-estados-iberoamericanos,,,,962a464f022871936e407620559ecedcc9e12b556839690f4ff3398ecc709771,https://ss-cnt-001c.esmsv.com/r/content/host1/70a2ea70385dbf5c122bf2b80521ef1f/editor/474.png
images_475_999ddd42.jpg,images,500,375,32052,Fotografía o recurso general del sitio,pending,https://centrorental.com.ar/--oei-org-de-estados-iberoamericanos,,,,999ddd426312ddd771e10e31a4385cecf5b3d8f3d82559e909af79ada3ea846c,https://ss-cnt-001c.esmsv.com/r/content/host1/70a2ea70385dbf5c122bf2b80521ef1f/editor/475.png
images_476_b82cd68a.jpg,images,500,281,26024,Fotografía o recurso general del sitio,pending,https://centrorental.com.ar/--oei-org-de-estados-iberoamericanos,,,,b82cd68af138caed8c308920766d7cea1489e757349f9abf8bfbdd063a2da801,https://ss-cnt-001c.esmsv.com/r/content/host1/70a2ea70385dbf5c122bf2b80521ef1f/editor/476.png
images_477_72d1c066.jpg,images,500,278,33752,Fotografía o recurso general del sitio,pending,https://centrorental.com.ar/--oei-org-de-estados-iberoamericanos,,,,72d1c066511a831601d9d03e3d409af48183912d76e84e06d4d4f857d3318ec4,https://ss-cnt-001c.esmsv.com/r/content/host1/70a2ea70385dbf5c122bf2b80521ef1f/editor/477.png
images_478_07c2a53d.jpg,images,500,281,31536,Fotografía o recurso general del sitio,pending,https://centrorental.com.ar/--oei-org-de-estados-iberoamericanos,,,,07c2a53de2b653b1537f98ef004805afc6c4efb271f13e4a10be8fe4073180ee,https://ss-cnt-001c.esmsv.com/r/content/host1/70a2ea70385dbf5c122bf2b80521ef1f/editor/478.png
images_479_2cb91885.jpg,images,500,281,18614,Fotografía o recurso general del sitio,pending,https://centrorental.com.ar/--oei-org-de-estados-iberoamericanos,,,,2cb91885cfad1c9afc1dbf6ebf0cd75b9af81e5425b83ccbd9f88fc2005b51b9,https://ss-cnt-001c.esmsv.com/r/content/host1/70a2ea70385dbf5c122bf2b80521ef1f/editor/479.png
images_480_b8c6fc57.jpg,images,500,281,17243,Fotografía o recurso general del sitio,pending,https://centrorental.com.ar/--oei-org-de-estados-iberoamericanos,,,,b8c6fc57488b5cc5712ef2925e76c807171690b4c6ed77845fd6fac08ac61ad2,https://ss-cnt-001c.esmsv.com/r/content/host1/70a2ea70385dbf5c122bf2b80521ef1f/editor/480.png
images_481_5226dc74.jpg,images,500,281,18735,Fotografía o recurso general del sitio,pending,https://centrorental.com.ar/--oei-org-de-estados-iberoamericanos,,,,5226dc749764bd52de21cd029b14c78e01632e4aae8af0a6ff0b24a87941ab9b,https://ss-cnt-001c.esmsv.com/r/content/host1/70a2ea70385dbf5c122bf2b80521ef1f/editor/481.png
images_482_c6382660.jpg,images,500,281,21187,Fotografía o recurso general del sitio,pending,https://centrorental.com.ar/--oei-org-de-estados-iberoamericanos,,,,c63826608b7469846229ca6bca93193fccc9a8ca33ffa3c6dc34fca922e56843,https://ss-cnt-001c.esmsv.com/r/content/host1/70a2ea70385dbf5c122bf2b80521ef1f/editor/482.png
images_483_1ec19dbb.jpg,images,500,281,17393,Fotografía o recurso general del sitio,pending,https://centrorental.com.ar/--oei-org-de-estados-iberoamericanos,,,,1ec19dbb1bd3da4203f73a5e92d8490a64bc1a2190390a3c8ec4e0254ff8f581,https://ss-cnt-001c.esmsv.com/r/content/host1/70a2ea70385dbf5c122bf2b80521ef1f/editor/483.png
images_484_c990a8be.jpg,images,500,281,19036,Fotografía o recurso general del sitio,pending,https://centrorental.com.ar/--oei-org-de-estados-iberoamericanos,,,,c990a8bea222333802c19c8373402bc0a88816d3ed7a346ccc65b3b86f7f3ace,https://ss-cnt-001c.esmsv.com/r/content/host1/70a2ea70385dbf5c122bf2b80521ef1f/editor/484.png
images_485_47f5ab00.jpg,images,500,281,19790,Fotografía o recurso general del sitio,pending,https://centrorental.com.ar/--oei-org-de-estados-iberoamericanos,,,,47f5ab008cdcac43b0e3b22a4a2848743663fc3d15e18ea73efc3bc02783766a,https://ss-cnt-001c.esmsv.com/r/content/host1/70a2ea70385dbf5c122bf2b80521ef1f/editor/485.png
images_486_8667bd78.jpg,images,500,281,18376,Fotografía o recurso general del sitio,pending,https://centrorental.com.ar/--oei-org-de-estados-iberoamericanos,,,,8667bd787453296ad9b3616efed702a6aa8eb86446c4bcaec1858651e79c8009,https://ss-cnt-001c.esmsv.com/r/content/host1/70a2ea70385dbf5c122bf2b80521ef1f/editor/486.png
images_487_cfb1a4d9.jpg,images,500,281,15420,Fotografía o recurso general del sitio,pending,https://centrorental.com.ar/--oei-org-de-estados-iberoamericanos,,,,cfb1a4d9cf45722e612d093430e74e628f6c87dac0222ebf8b919c73b1e77b70,https://ss-cnt-001c.esmsv.com/r/content/host1/70a2ea70385dbf5c122bf2b80521ef1f/editor/487.png
images_488_b597e9c8.jpg,images,500,281,15624,Fotografía o recurso general del sitio,pending,https://centrorental.com.ar/--oei-org-de-estados-iberoamericanos,,,,b597e9c86dcb829ad49bab5fff2e4c948ad5eaf30741156ad49e451580e4f5ce,https://ss-cnt-001c.esmsv.com/r/content/host1/70a2ea70385dbf5c122bf2b80521ef1f/editor/488.png
images_489_e1a503da.jpg,images,500,281,17938,Fotografía o recurso general del sitio,pending,https://centrorental.com.ar/--oei-org-de-estados-iberoamericanos,,,,e1a503daba46e189652125aebcdb580c83821439f430af0aa26068a01751b665,https://ss-cnt-001c.esmsv.com/r/content/host1/70a2ea70385dbf5c122bf2b80521ef1f/editor/489.png
images_490_7b8433b1.jpg,images,500,281,18401,Fotografía o recurso general del sitio,pending,https://centrorental.com.ar/--oei-org-de-estados-iberoamericanos,,,,7b8433b1cf281b59af499b1e9620f72d2ca1f0ec155a356a3503794abe8bce15,https://ss-cnt-001c.esmsv.com/r/content/host1/70a2ea70385dbf5c122bf2b80521ef1f/editor/490.png
images_491_be905565.jpg,images,500,281,17615,Fotografía o recurso general del sitio,pending,https://centrorental.com.ar/--oei-org-de-estados-iberoamericanos,,,,be905565bc4874180c96ff3056a949acffd079c2ade456ede29dff7b8a66befa,https://ss-cnt-001c.esmsv.com/r/content/host1/70a2ea70385dbf5c122bf2b80521ef1f/editor/491.png
images_492_a6105134.jpg,images,500,281,16226,Fotografía o recurso general del sitio,pending,https://centrorental.com.ar/--oei-org-de-estados-iberoamericanos,,,,a61051340fe3da13b0436947cecd8f33fbe20254bca3d5b6a7b809a61f6c1a32,https://ss-cnt-001c.esmsv.com/r/content/host1/70a2ea70385dbf5c122bf2b80521ef1f/editor/492.png
images_493_b8183463.jpg,images,500,281,18501,Fotografía o recurso general del sitio,pending,https://centrorental.com.ar/--oei-org-de-estados-iberoamericanos,,,,b818346366ba9b5639566fdb8f0ef34fb716b47eca0ae03e9ea26c722792b933,https://ss-cnt-001c.esmsv.com/r/content/host1/70a2ea70385dbf5c122bf2b80521ef1f/editor/493.png
images_494_48ec11d0.jpg,images,500,281,15792,Fotografía o recurso general del sitio,pending,https://centrorental.com.ar/--oei-org-de-estados-iberoamericanos,,,,48ec11d043394b1bb63f4aa1b53e8aee30d76ed43602ac569120c640d199de81,https://ss-cnt-001c.esmsv.com/r/content/host1/70a2ea70385dbf5c122bf2b80521ef1f/editor/494.png
images_495_4b180815.jpg,images,500,281,15947,Fotografía o recurso general del sitio,pending,https://centrorental.com.ar/--oei-org-de-estados-iberoamericanos,,,,4b180815d7a49bf82a669ec6c359df0be1d5137922152b31979f2c21f6b57d4f,https://ss-cnt-001c.esmsv.com/r/content/host1/70a2ea70385dbf5c122bf2b80521ef1f/editor/495.png
images_496_d9255712.jpg,images,500,281,16091,Fotografía o recurso general del sitio,pending,https://centrorental.com.ar/--oei-org-de-estados-iberoamericanos,,,,d9255712213f9435db6ce47180ce524861d61531c7e13b383d8f1af8f5231d4d,https://ss-cnt-001c.esmsv.com/r/content/host1/70a2ea70385dbf5c122bf2b80521ef1f/editor/496.png
events_402_cedd8c4c.jpg,events,959,960,189352,Registro fotográfico de evento realizado,pending,https://centrorental.com.ar/--macbeth-teatro-el-dante-la-boca,,,,cedd8c4c8c9a89fa360ff925cf433d484fa02ee346821fde5eea723863a0f224,https://ss-cnt-001c.esmsv.com/r/content/host1/70a2ea70385dbf5c122bf2b80521ef1f/editor/402.png
events_403_ad21a8ed.jpg,events,640,960,83540,Registro fotográfico de evento realizado,pending,https://centrorental.com.ar/--macbeth-teatro-el-dante-la-boca,,,,ad21a8eddbdb28bc186ef09c8c4a536f79adabebad33ab7d2782ec9bc33c6d47,https://ss-cnt-001c.esmsv.com/r/content/host1/70a2ea70385dbf5c122bf2b80521ef1f/editor/403.png
events_404_16f6c05f.jpg,events,960,640,41429,Registro fotográfico de evento realizado,pending,https://centrorental.com.ar/--macbeth-teatro-el-dante-la-boca,,,,16f6c05ff8e423afc02aa89ec30d192b025edfd612d2268172a2d1aaee304808,https://ss-cnt-001c.esmsv.com/r/content/host1/70a2ea70385dbf5c122bf2b80521ef1f/editor/404.png
events_405_7d1ff9de.jpg,events,640,960,94940,Registro fotográfico de evento realizado,pending,https://centrorental.com.ar/--macbeth-teatro-el-dante-la-boca,,,,7d1ff9de4ba754968bbb36e3ff57b3ec8df9bfa5c0358554211169d868cce0ac,https://ss-cnt-001c.esmsv.com/r/content/host1/70a2ea70385dbf5c122bf2b80521ef1f/editor/405.png
events_406_bbfac0f5.jpg,events,960,640,62456,Registro fotográfico de evento realizado,pending,https://centrorental.com.ar/--macbeth-teatro-el-dante-la-boca,,,,bbfac0f51a30e27307a64a5f27aa290923fafc7ad7d590ed46a516077fbe0030,https://ss-cnt-001c.esmsv.com/r/content/host1/70a2ea70385dbf5c122bf2b80521ef1f/editor/406.png
events_407_f2b627ec.jpg,events,960,640,48087,Registro fotográfico de evento realizado,pending,https://centrorental.com.ar/--macbeth-teatro-el-dante-la-boca,,,,f2b627ec0a4064fdb50d6ec648556954f0044fe3428a28ab6e7d22a9bbac91ff,https://ss-cnt-001c.esmsv.com/r/content/host1/70a2ea70385dbf5c122bf2b80521ef1f/editor/407.png
events_408_d98192cf.jpg,events,960,640,51008,Registro fotográfico de evento realizado,pending,https://centrorental.com.ar/--macbeth-teatro-el-dante-la-boca,,,,d98192cf216b8a3a834dc26545fc8ada5c9f566aa03a137eb5c64630483318c6,https://ss-cnt-001c.esmsv.com/r/content/host1/70a2ea70385dbf5c122bf2b80521ef1f/editor/408.png
events_409_4b26ef6c.jpg,events,960,640,78481,Registro fotográfico de evento realizado,pending,https://centrorental.com.ar/--macbeth-teatro-el-dante-la-boca,,,,4b26ef6ceba832afce61c87030ac185e19142a6aa766829f43500288d90b138f,https://ss-cnt-001c.esmsv.com/r/content/host1/70a2ea70385dbf5c122bf2b80521ef1f/editor/409.png
events_410_fb1bace5.jpg,events,960,640,48751,Registro fotográfico de evento realizado,pending,https://centrorental.com.ar/--macbeth-teatro-el-dante-la-boca,,,,fb1bace53113eecdc838922a1604472dd71e65ef8a4b8fcbdf0ca8d3e80f8675,https://ss-cnt-001c.esmsv.com/r/content/host1/70a2ea70385dbf5c122bf2b80521ef1f/editor/410.png
events_411_da1150b9.jpg,events,640,960,52906,Registro fotográfico de evento realizado,pending,https://centrorental.com.ar/--macbeth-teatro-el-dante-la-boca,,,,da1150b95ab045245469475fa982b49fffce51b44100a180714493f356c7d654,https://ss-cnt-001c.esmsv.com/r/content/host1/70a2ea70385dbf5c122bf2b80521ef1f/editor/411.png
events_412_d9469ce4.jpg,events,960,640,47266,Registro fotográfico de evento realizado,pending,https://centrorental.com.ar/--macbeth-teatro-el-dante-la-boca,,,,d9469ce41494338b2f8183573a849f3cba8020f87785870e9dcad4962efae0c4,https://ss-cnt-001c.esmsv.com/r/content/host1/70a2ea70385dbf5c122bf2b80521ef1f/editor/412.png
events_413_5f512df5.jpg,events,960,640,44702,Registro fotográfico de evento realizado,pending,https://centrorental.com.ar/--macbeth-teatro-el-dante-la-boca,,,,5f512df56bc4689bf2add17672ec9fe3a02c873b9fc277d6568489789866b12f,https://ss-cnt-001c.esmsv.com/r/content/host1/70a2ea70385dbf5c122bf2b80521ef1f/editor/413.png
events_414_8b7251e8.jpg,events,640,960,65754,Registro fotográfico de evento realizado,pending,https://centrorental.com.ar/--macbeth-teatro-el-dante-la-boca,,,,8b7251e8762e5db49b188efab2dd51a60bee66b0ba442e6ea786a504483c2e51,https://ss-cnt-001c.esmsv.com/r/content/host1/70a2ea70385dbf5c122bf2b80521ef1f/editor/414.png
events_415_858aa903.jpg,events,500,500,37848,Registro fotográfico de evento realizado,pending,https://centrorental.com.ar/--macbeth-teatro-el-dante-la-boca,,,,858aa9035eda574aa72ff435618bc37847860db96f86ffb1d3ce221b64d53923,https://ss-cnt-001c.esmsv.com/r/content/host1/70a2ea70385dbf5c122bf2b80521ef1f/editor/415.png
images_998_b443493e.jpg,images,1280,745,80398,Fotografía o recurso general del sitio,pending,https://centrorental.com.ar/inicio-alternativa,,,,b443493ec338065ee9e3d9535219eefe4500957a7a3d57c5047387b5656a7434,https://ss-cnt-001c.esmsv.com/r/content/host1/70a2ea70385dbf5c122bf2b80521ef1f/editor/998.png
images_996_7f26acc8.jpg,images,1280,745,83810,Fotografía o recurso general del sitio,pending,https://centrorental.com.ar/inicio-alternativa,,,,7f26acc83496ce891ba318c9eab263f708993da0b8bbe2199b4634cf00bc6da4,https://ss-cnt-001c.esmsv.com/r/content/host1/70a2ea70385dbf5c122bf2b80521ef1f/editor/996.png
images_994_42df3eb3.jpg,images,1280,745,77111,Fotografía o recurso general del sitio,pending,https://centrorental.com.ar/inicio-alternativa,,,,42df3eb3c85464aadd2233440a24989e818471e31b45ac2e470683416775d982,https://ss-cnt-001c.esmsv.com/r/content/host1/70a2ea70385dbf5c122bf2b80521ef1f/editor/994.png
images_1000_a0b38f5c.jpg,images,1280,745,162723,Fotografía o recurso general del sitio,pending,https://centrorental.com.ar/inicio-alternativa,,,,a0b38f5cb056a9f74c3fc79c73b792317c0dfe33ce453c64e69287d2bcb872cf,https://ss-cnt-001c.esmsv.com/r/content/host1/70a2ea70385dbf5c122bf2b80521ef1f/editor/1000.png
events_175_9ddf53d2.jpg,events,490,330,30617,Registro fotográfico de evento realizado,pending,https://centrorental.com.ar/--congreso-fepais,,,,9ddf53d2bf6a775f40a75633e7ee3a1ed545c77326b1fa62908e0042b8faa6e2,https://ss-cnt-001c.esmsv.com/r/content/host1/70a2ea70385dbf5c122bf2b80521ef1f/editor/175.png
events_176_70551013.jpg,events,375,500,29006,Registro fotográfico de evento realizado,pending,https://centrorental.com.ar/--congreso-fepais,,,,70551013e902243c4d4de17fb17031352a86cb59bec21d4fc87af35b2c487412,https://ss-cnt-001c.esmsv.com/r/content/host1/70a2ea70385dbf5c122bf2b80521ef1f/editor/176.png
events_177_994c7ffb.jpg,events,500,347,24392,Registro fotográfico de evento realizado,pending,https://centrorental.com.ar/--congreso-fepais,,,,994c7ffb8bc031de10d30605a90221343999000bbbec4fb83d7cc5443daca283,https://ss-cnt-001c.esmsv.com/r/content/host1/70a2ea70385dbf5c122bf2b80521ef1f/editor/177.png
events_178_33496242.jpg,events,500,332,29305,Registro fotográfico de evento realizado,pending,https://centrorental.com.ar/--congreso-fepais,,,,3349624201bc9bd9e07623d16440cb582b2fd1e733fe46bc75b84633ef4940b0,https://ss-cnt-001c.esmsv.com/r/content/host1/70a2ea70385dbf5c122bf2b80521ef1f/editor/178.png
events_179_c62cc8a2.jpg,events,500,332,32392,Registro fotográfico de evento realizado,pending,https://centrorental.com.ar/--congreso-fepais,,,,c62cc8a2221408093f10dc061483d4142e50960482056083a313d5a1326e9148,https://ss-cnt-001c.esmsv.com/r/content/host1/70a2ea70385dbf5c122bf2b80521ef1f/editor/179.png
events_180_f3bae95d.jpg,events,500,332,22478,Registro fotográfico de evento realizado,pending,https://centrorental.com.ar/--congreso-fepais,,,,f3bae95d9ce7d39a02317f9cf318bcbf3e3eb1a3728afa971cdc317d1fd6a8b1,https://ss-cnt-001c.esmsv.com/r/content/host1/70a2ea70385dbf5c122bf2b80521ef1f/editor/180.png
events_181_89af65ef.jpg,events,500,407,33321,Registro fotográfico de evento realizado,pending,https://centrorental.com.ar/--congreso-fepais,,,,89af65efd17452dea1cf47ad64d08484dd8eaf75976d9cf28fe3275db38124fc,https://ss-cnt-001c.esmsv.com/r/content/host1/70a2ea70385dbf5c122bf2b80521ef1f/editor/181.png
events_182_9bbc178d.jpg,events,500,375,32400,Registro fotográfico de evento realizado,pending,https://centrorental.com.ar/--congreso-fepais,,,,9bbc178dcea417cd1637372f188450c25b5cf3c951069b107f9636d8fcb6dba8,https://ss-cnt-001c.esmsv.com/r/content/host1/70a2ea70385dbf5c122bf2b80521ef1f/editor/182.png
events_183_b9abbb4e.jpg,events,500,332,19818,Registro fotográfico de evento realizado,pending,https://centrorental.com.ar/--congreso-fepais,,,,b9abbb4e8ec972e3901eddf44c05ac06d2cc300df088a52d348937a79d437ac4,https://ss-cnt-001c.esmsv.com/r/content/host1/70a2ea70385dbf5c122bf2b80521ef1f/editor/183.png
events_184_3cf653f8.jpg,events,500,332,38136,Registro fotográfico de evento realizado,pending,https://centrorental.com.ar/--congreso-fepais,,,,3cf653f85ce98496eac6240c8ca779d78ee45323c21acbf8bd89df29cfa771e8,https://ss-cnt-001c.esmsv.com/r/content/host1/70a2ea70385dbf5c122bf2b80521ef1f/editor/184.png
events_185_0806a8f3.jpg,events,500,332,33492,Registro fotográfico de evento realizado,pending,https://centrorental.com.ar/--congreso-fepais,,,,0806a8f34918389912f4001967fdde679401ed833cc52ae28983979a4efb3915,https://ss-cnt-001c.esmsv.com/r/content/host1/70a2ea70385dbf5c122bf2b80521ef1f/editor/185.png
events_186_a283f179.jpg,events,500,341,23430,Registro fotográfico de evento realizado,pending,https://centrorental.com.ar/--congreso-fepais,,,,a283f179aa4cd15b3fb982fdfc997033d55b2cb147b610c6e8b2ffa93680b68d,https://ss-cnt-001c.esmsv.com/r/content/host1/70a2ea70385dbf5c122bf2b80521ef1f/editor/186.png
events_187_5950057a.jpg,events,500,332,19859,Registro fotográfico de evento realizado,pending,https://centrorental.com.ar/--congreso-fepais,,,,5950057aa7f58be64f95ae8e660ef05afbc67061f3aa3e9f5bea65fd5e9e9864,https://ss-cnt-001c.esmsv.com/r/content/host1/70a2ea70385dbf5c122bf2b80521ef1f/editor/187.png
events_188_ed51ea25.jpg,events,500,332,18410,Registro fotográfico de evento realizado,pending,https://centrorental.com.ar/--congreso-fepais,,,,ed51ea25874709b21c74e751cac62dcfabd1a327921718d0a493753b7fd92ea5,https://ss-cnt-001c.esmsv.com/r/content/host1/70a2ea70385dbf5c122bf2b80521ef1f/editor/188.png
events_189_7c4a7bdf.jpg,events,500,392,28571,Registro fotográfico de evento realizado,pending,https://centrorental.com.ar/--congreso-fepais,,,,7c4a7bdf72072ff96b475eab1d0d98c8e610037a15bd6ce6951c81e19a86f51a,https://ss-cnt-001c.esmsv.com/r/content/host1/70a2ea70385dbf5c122bf2b80521ef1f/editor/189.png
events_190_88e29830.jpg,events,500,332,20685,Registro fotográfico de evento realizado,pending,https://centrorental.com.ar/--congreso-fepais,,,,88e298307dab721e8cdb8823f7746b46cb2b859db4a9beeed51e6e10213eee1f,https://ss-cnt-001c.esmsv.com/r/content/host1/70a2ea70385dbf5c122bf2b80521ef1f/editor/190.png
events_191_02e0bfc6.jpg,events,500,332,27891,Registro fotográfico de evento realizado,pending,https://centrorental.com.ar/--congreso-fepais,,,,02e0bfc69fd5c92950f2025c9db61cd543fca16e2ae609861b2e7b8c1533649e,https://ss-cnt-001c.esmsv.com/r/content/host1/70a2ea70385dbf5c122bf2b80521ef1f/editor/191.png
events_192_c8f60a5b.jpg,events,500,418,31229,Registro fotográfico de evento realizado,pending,https://centrorental.com.ar/--congreso-fepais,,,,c8f60a5bb4f57e238d78c008014fb8986b9ea4cfa36663add534c09845823a3e,https://ss-cnt-001c.esmsv.com/r/content/host1/70a2ea70385dbf5c122bf2b80521ef1f/editor/192.png
events_193_6397bd88.jpg,events,500,375,34616,Registro fotográfico de evento realizado,pending,https://centrorental.com.ar/--congreso-fepais,,,,6397bd88d5e220783c6ef12f1f52662ae0d2733ccf2bf3f49db01e801abc06ee,https://ss-cnt-001c.esmsv.com/r/content/host1/70a2ea70385dbf5c122bf2b80521ef1f/editor/193.png
events_194_c7ed1477.jpg,events,500,332,24955,Registro fotográfico de evento realizado,pending,https://centrorental.com.ar/--congreso-fepais,,,,c7ed147725de9983a51359fa12bc335ecb43b1c97b2c4517572f0d66388ef4a3,https://ss-cnt-001c.esmsv.com/r/content/host1/70a2ea70385dbf5c122bf2b80521ef1f/editor/194.png
events_195_90956f68.jpg,events,500,332,33157,Registro fotográfico de evento realizado,pending,https://centrorental.com.ar/--congreso-fepais,,,,90956f68d66f22dc44ce731613d08d6951c84e4d773f08926b15120303f0a3e9,https://ss-cnt-001c.esmsv.com/r/content/host1/70a2ea70385dbf5c122bf2b80521ef1f/editor/195.png
events_196_265aa0a4.jpg,events,500,332,33718,Registro fotográfico de evento realizado,pending,https://centrorental.com.ar/--congreso-fepais,,,,265aa0a496a53ef7687a41aa0d08967495909f2b913182fb17dd57bebc8de454,https://ss-cnt-001c.esmsv.com/r/content/host1/70a2ea70385dbf5c122bf2b80521ef1f/editor/196.png
events_197_7fac13aa.jpg,events,500,332,20364,Registro fotográfico de evento realizado,pending,https://centrorental.com.ar/--congreso-fepais,,,,7fac13aa44095c34adb69f6a676a7d155883f125a436be2379a65513fed919d1,https://ss-cnt-001c.esmsv.com/r/content/host1/70a2ea70385dbf5c122bf2b80521ef1f/editor/197.png
events_198_380ba32a.jpg,events,500,438,31181,Registro fotográfico de evento realizado,pending,https://centrorental.com.ar/--congreso-fepais,,,,380ba32aa81d623b171f94608da154537728392121be863c21866abba58f6539,https://ss-cnt-001c.esmsv.com/r/content/host1/70a2ea70385dbf5c122bf2b80521ef1f/editor/198.png
events_199_210ff3d7.jpg,events,500,375,30251,Registro fotográfico de evento realizado,pending,https://centrorental.com.ar/--congreso-fepais,,,,210ff3d78ee48e4121c2fa054feca2237f6993be495e9778d7cf8775c3bdff5b,https://ss-cnt-001c.esmsv.com/r/content/host1/70a2ea70385dbf5c122bf2b80521ef1f/editor/199.png
events_200_6dc83544.jpg,events,500,332,35326,Registro fotográfico de evento realizado,pending,https://centrorental.com.ar/--congreso-fepais,,,,6dc835441eddcd2c45ceaf3aafb016c1b8c588de2e88a51d734c135cabe42079,https://ss-cnt-001c.esmsv.com/r/content/host1/70a2ea70385dbf5c122bf2b80521ef1f/editor/200.png
events_202_0113c8cf.jpg,events,500,420,33491,Registro fotográfico de evento realizado,pending,https://centrorental.com.ar/--congreso-fepais,,,,0113c8cf61397c893bd756d22d0ef3f2dff8d1eff2f84e8d521225e18fac90b3,https://ss-cnt-001c.esmsv.com/r/content/host1/70a2ea70385dbf5c122bf2b80521ef1f/editor/202.png
events_203_2e518891.jpg,events,500,332,14033,Registro fotográfico de evento realizado,pending,https://centrorental.com.ar/--congreso-fepais,,,,2e518891fdfb35a49cd9d6b166a636d8ced39cb9bc0ac72ceaa11fddfe3ad9f7,https://ss-cnt-001c.esmsv.com/r/content/host1/70a2ea70385dbf5c122bf2b80521ef1f/editor/203.png
events_204_9c187f9d.jpg,events,500,332,23474,Registro fotográfico de evento realizado,pending,https://centrorental.com.ar/--congreso-fepais,,,,9c187f9dc6bdc46eab35b3d030c83e79350170a09509eb7fd75d2a8f84297f25,https://ss-cnt-001c.esmsv.com/r/content/host1/70a2ea70385dbf5c122bf2b80521ef1f/editor/204.png
events_206_12f621a5.jpg,events,500,375,33852,Registro fotográfico de evento realizado,pending,https://centrorental.com.ar/--congreso-fepais,,,,12f621a5e1fb05008da2829107613632d51eea6080531358e3cd49c775437b2b,https://ss-cnt-001c.esmsv.com/r/content/host1/70a2ea70385dbf5c122bf2b80521ef1f/editor/206.png
events_207_2f6b483a.jpg,events,500,332,27732,Registro fotográfico de evento realizado,pending,https://centrorental.com.ar/--congreso-fepais,,,,2f6b483adc20aac21d187dac93e0fbdfd97704d99630a7ca8da2b9129b157eb3,https://ss-cnt-001c.esmsv.com/r/content/host1/70a2ea70385dbf5c122bf2b80521ef1f/editor/207.png
events_208_0cd0f613.jpg,events,500,342,24326,Registro fotográfico de evento realizado,pending,https://centrorental.com.ar/--congreso-fepais,,,,0cd0f613fba6a991842982d0122a67ea412876876762c580a02ce9c428348190,https://ss-cnt-001c.esmsv.com/r/content/host1/70a2ea70385dbf5c122bf2b80521ef1f/editor/208.png
events_64_f135ef5d.jpg,events,276,204,13937,Registro fotográfico de evento realizado,pending,https://centrorental.com.ar/--alvear-palace---casamiento,,,,f135ef5d1e5fe025f1b4700176de4608ed327d6860d957c1fa1a6ef100bece0a,https://ss-cnt-001c.esmsv.com/r/content/host1/70a2ea70385dbf5c122bf2b80521ef1f/editor/64.png
events_65_b715e456.jpg,events,276,204,11520,Registro fotográfico de evento realizado,pending,https://centrorental.com.ar/--alvear-palace---casamiento,,,,b715e45617587cbb3ace7189bbcf951ceaf7c4d9ea7825f304649f97540fe234,https://ss-cnt-001c.esmsv.com/r/content/host1/70a2ea70385dbf5c122bf2b80521ef1f/editor/65.png
events_66_8a0d0dad.jpg,events,276,204,11510,Registro fotográfico de evento realizado,pending,https://centrorental.com.ar/--alvear-palace---casamiento,,,,8a0d0dad43cdd0c4fcca410ca22b905b220063707fe25c8565316a6761e07981,https://ss-cnt-001c.esmsv.com/r/content/host1/70a2ea70385dbf5c122bf2b80521ef1f/editor/66.png
events_67_099b170d.jpg,events,276,204,10412,Registro fotográfico de evento realizado,pending,https://centrorental.com.ar/--alvear-palace---casamiento,,,,099b170dd84055133e58509f7ddc72e59dc3508f66c70f391cb86a028ba0c401,https://ss-cnt-001c.esmsv.com/r/content/host1/70a2ea70385dbf5c122bf2b80521ef1f/editor/67.png
events_68_ac6667cd.jpg,events,276,204,8841,Registro fotográfico de evento realizado,pending,https://centrorental.com.ar/--alvear-palace---casamiento,,,,ac6667cd5e7850c233d7178435f55a6e1837f88c73841673dae59ccd54764cba,https://ss-cnt-001c.esmsv.com/r/content/host1/70a2ea70385dbf5c122bf2b80521ef1f/editor/68.png
events_69_2d160862.jpg,events,276,204,8301,Registro fotográfico de evento realizado,pending,https://centrorental.com.ar/--alvear-palace---casamiento,,,,2d160862cde87f424f22b607298bb0057deadb9f78d6c0fecafc3a6949ceb544,https://ss-cnt-001c.esmsv.com/r/content/host1/70a2ea70385dbf5c122bf2b80521ef1f/editor/69.png
events_70_ddd14b22.jpg,events,276,204,7938,Registro fotográfico de evento realizado,pending,https://centrorental.com.ar/--alvear-palace---casamiento,,,,ddd14b225da27e7671f3bd094b7b33e744b1d5d67b35ad8ef25b3930ee44aba4,https://ss-cnt-001c.esmsv.com/r/content/host1/70a2ea70385dbf5c122bf2b80521ef1f/editor/70.png
events_71_9dee55f6.jpg,events,276,204,10218,Registro fotográfico de evento realizado,pending,https://centrorental.com.ar/--alvear-palace---casamiento,,,,9dee55f66795be93332667c12ac2b1d9f3098f0af85b9c5888b906d9467c64eb,https://ss-cnt-001c.esmsv.com/r/content/host1/70a2ea70385dbf5c122bf2b80521ef1f/editor/71.png
events_72_718e33b4.jpg,events,276,204,7689,Registro fotográfico de evento realizado,pending,https://centrorental.com.ar/--alvear-palace---casamiento,,,,718e33b4fcd895ffe1e594981ef156ff0ecea78dd011219a6303faac1b7e32ef,https://ss-cnt-001c.esmsv.com/r/content/host1/70a2ea70385dbf5c122bf2b80521ef1f/editor/72.png
equipment_925_9db96653.jpg,equipment,798,1280,143804,Equipamiento técnico para eventos y producción,pending,https://centrorental.com.ar/traduccion-simultanea-2,,,Producción de contenidos con escenario virtual 3D PRODUCCIONES AUDIOVISUALES Producción de contenidos con escenario virtual 3D Solución para producción de co...,9db96653010741311e4b58643924793ca76764adf913d98c933f42dc2327b094,https://ss-cnt-001c.esmsv.com/r/content/host1/70a2ea70385dbf5c122bf2b80521ef1f/editor/925.png
equipment_1142_6a7c0f39.jpg,equipment,600,427,27812,Equipamiento técnico para eventos y producción,pending,https://centrorental.com.ar/estudio-tv,,,,6a7c0f3964db3fe1ada4f262965d1a07b689cbed4ec87bc742c5eaa7837b7085,https://ss-cnt-001c.esmsv.com/r/content/host1/70a2ea70385dbf5c122bf2b80521ef1f/editor/1142.png
equipment_1144_094d8c13.jpg,equipment,600,427,32026,Equipamiento técnico para eventos y producción,pending,https://centrorental.com.ar/estudio-tv,,,,094d8c138394e2b2a54f8b4187190ac6cf00deb36d2ab8ad1f96519ce9528e72,https://ss-cnt-001c.esmsv.com/r/content/host1/70a2ea70385dbf5c122bf2b80521ef1f/editor/1144.png
equipment_1146_41fcad68.jpg,equipment,600,427,37426,Equipamiento técnico para eventos y producción,pending,https://centrorental.com.ar/estudio-tv,,,,41fcad687c503d66a28203aaaf1b34fdca70d92902bb7b16a4ac996a75f3eebc,https://ss-cnt-001c.esmsv.com/r/content/host1/70a2ea70385dbf5c122bf2b80521ef1f/editor/1146.png
equipment_1148_fde20f66.jpg,equipment,600,427,25236,Equipamiento técnico para eventos y producción,pending,https://centrorental.com.ar/estudio-tv,,,,fde20f661caee9bf39ad5cdca6441e335695960213cfe564b563f7a7981334de,https://ss-cnt-001c.esmsv.com/r/content/host1/70a2ea70385dbf5c122bf2b80521ef1f/editor/1148.png
equipment_1150_1ab63c6f.jpg,equipment,600,427,34697,Equipamiento técnico para eventos y producción,pending,https://centrorental.com.ar/estudio-tv,,,,1ab63c6f7d55f71011e36b41831e7a86f32b02c4d7a779e434fae35a1adaff7e,https://ss-cnt-001c.esmsv.com/r/content/host1/70a2ea70385dbf5c122bf2b80521ef1f/editor/1150.png
equipment_1152_19ea57b1.jpg,equipment,600,427,39613,Equipamiento técnico para eventos y producción,pending,https://centrorental.com.ar/estudio-tv,,,,19ea57b19d739a8000b5cd2e11a0169e4465fccddf63e6f281fb437a6b00be50,https://ss-cnt-001c.esmsv.com/r/content/host1/70a2ea70385dbf5c122bf2b80521ef1f/editor/1152.png
equipment_1154_5c5d8b73.jpg,equipment,600,427,48606,Equipamiento técnico para eventos y producción,pending,https://centrorental.com.ar/estudio-tv,,,,5c5d8b73a2cb4f342724ceb6cc562e78d87178c55acef29c110df6953ac8b7c9,https://ss-cnt-001c.esmsv.com/r/content/host1/70a2ea70385dbf5c122bf2b80521ef1f/editor/1154.png
equipment_1156_901be1db.jpg,equipment,600,427,40133,Equipamiento técnico para eventos y producción,pending,https://centrorental.com.ar/estudio-tv,,,,901be1db139137d2720b299f160b4497127aa226784c2a1fc348fb66d71e5db2,https://ss-cnt-001c.esmsv.com/r/content/host1/70a2ea70385dbf5c122bf2b80521ef1f/editor/1156.png
equipment_1158_def80900.jpg,equipment,600,427,29132,Equipamiento técnico para eventos y producción,pending,https://centrorental.com.ar/estudio-tv,,,,def80900903701a063b358527971951eb7722062c614e097a1554a5e218661c4,https://ss-cnt-001c.esmsv.com/r/content/host1/70a2ea70385dbf5c122bf2b80521ef1f/editor/1158.png
equipment_1058_6dd9bb07.jpg,equipment,600,427,31012,Equipamiento técnico para eventos y producción,pending,https://centrorental.com.ar/proyectores-pantallas,,,,6dd9bb073d1ce10eb9854855083ac8e99d123b6ff5c1b15a40b1a878b1475596,https://ss-cnt-001c.esmsv.com/r/content/host1/70a2ea70385dbf5c122bf2b80521ef1f/editor/1058.png
equipment_1060_52e19587.jpg,equipment,600,427,33968,Equipamiento técnico para eventos y producción,pending,https://centrorental.com.ar/proyectores-pantallas,,,,52e19587e067cdf208f50c8c49c95784c3201be6fee3b8857cbbcfd64da15a5f,https://ss-cnt-001c.esmsv.com/r/content/host1/70a2ea70385dbf5c122bf2b80521ef1f/editor/1060.png
equipment_1062_808f1036.jpg,equipment,600,427,17349,Equipamiento técnico para eventos y producción,pending,https://centrorental.com.ar/proyectores-pantallas,,,,808f103653f88974b7f41793470a1b66caed2174432e12b5a226c27411b90cb0,https://ss-cnt-001c.esmsv.com/r/content/host1/70a2ea70385dbf5c122bf2b80521ef1f/editor/1062.png
equipment_1064_418eba82.jpg,equipment,600,427,58290,Equipamiento técnico para eventos y producción,pending,https://centrorental.com.ar/proyectores-pantallas,,,,418eba8230a7f462b4d276611434b9708f7b367fc3401d81f9fca14e3905acd4,https://ss-cnt-001c.esmsv.com/r/content/host1/70a2ea70385dbf5c122bf2b80521ef1f/editor/1064.png
equipment_1066_b00b15da.jpg,equipment,600,427,11198,Equipamiento técnico para eventos y producción,pending,https://centrorental.com.ar/proyectores-pantallas,,,,b00b15da98aad4b9d02805203ba4383f7313319c5c410386543fd3ced4eb174b,https://ss-cnt-001c.esmsv.com/r/content/host1/70a2ea70385dbf5c122bf2b80521ef1f/editor/1066.png
equipment_1068_a799bb73.jpg,equipment,600,427,17342,Equipamiento técnico para eventos y producción,pending,https://centrorental.com.ar/proyectores-pantallas,,,,a799bb735bc4b54fb95d0d0176c3e89dd303c27040cca486331f2e300971e5b3,https://ss-cnt-001c.esmsv.com/r/content/host1/70a2ea70385dbf5c122bf2b80521ef1f/editor/1068.png
equipment_1178_eb41dc4c.jpg,equipment,600,427,41278,Equipamiento técnico para eventos y producción,pending,https://centrorental.com.ar/audio-video,,,,eb41dc4cd62768f6105e147517095d87053daf44627396a0e71ddb5274589584,https://ss-cnt-001c.esmsv.com/r/content/host1/70a2ea70385dbf5c122bf2b80521ef1f/editor/1178.png
equipment_1180_3851d8dd.jpg,equipment,600,427,47945,Equipamiento técnico para eventos y producción,pending,https://centrorental.com.ar/audio-video,,,,3851d8dd21486cd46c00181305bc104e9d602617adf20431424fa9c5319d6e13,https://ss-cnt-001c.esmsv.com/r/content/host1/70a2ea70385dbf5c122bf2b80521ef1f/editor/1180.png
equipment_1182_6779eed5.jpg,equipment,600,427,26438,Equipamiento técnico para eventos y producción,pending,https://centrorental.com.ar/audio-video,,,,6779eed53ab76a91d49c84100eb24901ce773b2f8bcd23c9e3a15630b2b5a422,https://ss-cnt-001c.esmsv.com/r/content/host1/70a2ea70385dbf5c122bf2b80521ef1f/editor/1182.png
equipment_1184_f759f8f4.jpg,equipment,600,427,18500,Equipamiento técnico para eventos y producción,pending,https://centrorental.com.ar/audio-video,,,,f759f8f40146fca38cb99bce4445f3a250de6306f64a27d3a222f93b7e3abd0a,https://ss-cnt-001c.esmsv.com/r/content/host1/70a2ea70385dbf5c122bf2b80521ef1f/editor/1184.png
equipment_1186_73eab5b3.jpg,equipment,600,427,30083,Equipamiento técnico para eventos y producción,pending,https://centrorental.com.ar/audio-video,,,,73eab5b3c2db8d509a054264a0946a67b65bc5d6e15df7ea3c4aa06e8b1aa96d,https://ss-cnt-001c.esmsv.com/r/content/host1/70a2ea70385dbf5c122bf2b80521ef1f/editor/1186.png
equipment_1188_2a5c096e.jpg,equipment,600,427,50065,Equipamiento técnico para eventos y producción,pending,https://centrorental.com.ar/audio-video,,,,2a5c096e08b4db11bb19e66945339feead8f5ae1a13b9a1195fcc5eda44576fa,https://ss-cnt-001c.esmsv.com/r/content/host1/70a2ea70385dbf5c122bf2b80521ef1f/editor/1188.png
images_905_e56565bc.png,images,1278,2048,2908306,Fotografía o recurso general del sitio,pending,https://centrorental.com.ar/imagen,,,,e56565bc3cda9ca87b2ce019271d7f8a77f06a91123d7ce0bf96df7d402fea6e,https://ss-cnt-001c.esmsv.com/r/content/host1/70a2ea70385dbf5c122bf2b80521ef1f/editor/905.png
images_907_2a2e7375.jpg,images,1124,2048,373942,Fotografía o recurso general del sitio,pending,https://centrorental.com.ar/imagen,,,,2a2e73754966b60d5504869bddc14b9c0f11de99544f523f16422db98d5a2136,https://ss-cnt-001c.esmsv.com/r/content/host1/70a2ea70385dbf5c122bf2b80521ef1f/editor/907.png
images_932_5f121703.jpg,images,1440,1440,297944,Fotografía o recurso general del sitio,pending,https://centrorental.com.ar/imagen,,,,5f12170315d4c12d807aa5b91d59cb3e6dd85a6e7710470f797a1285d707212f,https://ss-cnt-001c.esmsv.com/r/content/host1/70a2ea70385dbf5c122bf2b80521ef1f/editor/932.png
images_987_89c0154f.png,images,1277,2048,3244847,Fotografía o recurso general del sitio,pending,https://centrorental.com.ar/imagen,,,,89c0154fc3928acd605136323be2cda64ef886d3073e39d37b82e6e328000ab8,https://ss-cnt-001c.esmsv.com/r/content/host1/70a2ea70385dbf5c122bf2b80521ef1f/editor/987.png
images_1268_0ab0d206.png,images,848,1262,1737922,Fotografía o recurso general del sitio,pending,https://centrorental.com.ar/imagen,,,,0ab0d206f771c2edbad7905ae496e2d6b8018bd04d33db7ce40beec52b595be4,https://ss-cnt-001c.esmsv.com/r/content/host1/70a2ea70385dbf5c122bf2b80521ef1f/editor/1268.png
images_1270_c3335aba.png,images,848,1076,1370306,Fotografía o recurso general del sitio,pending,https://centrorental.com.ar/imagen,,,,c3335abab71dea421260e44eb578f288cb55a275a9520269013a83f211ac2db1,https://ss-cnt-001c.esmsv.com/r/content/host1/70a2ea70385dbf5c122bf2b80521ef1f/editor/1270.png
images_1266_69bbc399.png,images,1312,736,1618306,Fotografía o recurso general del sitio,pending,https://centrorental.com.ar/imagen,,,,69bbc399cd2d4a792869d2353c24135bd3500c8986a6126a34c8eade8a9e2d9c,https://ss-cnt-001c.esmsv.com/r/content/host1/70a2ea70385dbf5c122bf2b80521ef1f/editor/1266.png
images_989_67cc23f6.png,images,1667,1667,3387299,Fotografía o recurso general del sitio,pending,https://centrorental.com.ar/imagen,,,,67cc23f615f34f8f590ca52dcefe0e7d5fa06955e5fb95d733b82c5cd46dcb68,https://ss-cnt-001c.esmsv.com/r/content/host1/70a2ea70385dbf5c122bf2b80521ef1f/editor/989.png
events_73_9ed2818e.jpg,events,276,204,9949,Registro fotográfico de evento realizado,pending,https://centrorental.com.ar/--calidad-de-impacto---sheraton-pilar,,,,9ed2818ecfe9bbe6983fd46b3b92bacf085c1743bd3fb32cd9f8dbffe234d36f,https://ss-cnt-001c.esmsv.com/r/content/host1/70a2ea70385dbf5c122bf2b80521ef1f/editor/73.png
events_74_988163a9.jpg,events,276,204,10720,Registro fotográfico de evento realizado,pending,https://centrorental.com.ar/--calidad-de-impacto---sheraton-pilar,,,,988163a93d65c24c27c378f9cd64378536e7d944b3cda6c90e8c9ae3788c2781,https://ss-cnt-001c.esmsv.com/r/content/host1/70a2ea70385dbf5c122bf2b80521ef1f/editor/74.png
events_75_7df2831d.jpg,events,276,204,9441,Registro fotográfico de evento realizado,pending,https://centrorental.com.ar/--calidad-de-impacto---sheraton-pilar,,,,7df2831d88cc7da9a89cca731f4da1d477f80c80580efec2a2e78ed0eaa51eff,https://ss-cnt-001c.esmsv.com/r/content/host1/70a2ea70385dbf5c122bf2b80521ef1f/editor/75.png
images_219_20cfd5b4.jpg,images,500,281,22006,Fotografía o recurso general del sitio,pending,https://centrorental.com.ar/--semana-de-la-seguridad-exolgan,,,,20cfd5b41e7bf7fa547dee30b79a9be67eacf741c3e3aeab101988522553b564,https://ss-cnt-001c.esmsv.com/r/content/host1/70a2ea70385dbf5c122bf2b80521ef1f/editor/219.png
images_220_47005ded.jpg,images,500,281,24832,Fotografía o recurso general del sitio,pending,https://centrorental.com.ar/--semana-de-la-seguridad-exolgan,,,,47005ded3e91083e83983d841036c7d154a420009fa8e97826c4c2df3d06b1b6,https://ss-cnt-001c.esmsv.com/r/content/host1/70a2ea70385dbf5c122bf2b80521ef1f/editor/220.png
images_221_9edbd418.jpg,images,500,281,23936,Fotografía o recurso general del sitio,pending,https://centrorental.com.ar/--semana-de-la-seguridad-exolgan,,,,9edbd4188d3d3070faa92fd49316fa43d71b7ff6c833d529b4d184bbdd8e124e,https://ss-cnt-001c.esmsv.com/r/content/host1/70a2ea70385dbf5c122bf2b80521ef1f/editor/221.png
images_222_69998080.jpg,images,500,281,26426,Fotografía o recurso general del sitio,pending,https://centrorental.com.ar/--semana-de-la-seguridad-exolgan,,,,6999808038702c9e5e01475afd0a47157e4d4837b7eef1f6df8b8fd51fd949ef,https://ss-cnt-001c.esmsv.com/r/content/host1/70a2ea70385dbf5c122bf2b80521ef1f/editor/222.png
images_223_498e8814.jpg,images,500,281,24413,Fotografía o recurso general del sitio,pending,https://centrorental.com.ar/--semana-de-la-seguridad-exolgan,,,,498e8814173f5b9d00039e08162fa9737b074b29b1f753a298a0684e2949d1bc,https://ss-cnt-001c.esmsv.com/r/content/host1/70a2ea70385dbf5c122bf2b80521ef1f/editor/223.png
images_224_680d5de7.jpg,images,500,281,23712,Fotografía o recurso general del sitio,pending,https://centrorental.com.ar/--semana-de-la-seguridad-exolgan,,,,680d5de706d5aea9eb4737b9b9bbd439cedf015a025ed3a0d05b6b0939b960d8,https://ss-cnt-001c.esmsv.com/r/content/host1/70a2ea70385dbf5c122bf2b80521ef1f/editor/224.png
images_225_9d33d317.jpg,images,500,281,19113,Fotografía o recurso general del sitio,pending,https://centrorental.com.ar/--semana-de-la-seguridad-exolgan,,,,9d33d317fab0dd814ced8f502d9a34148d0a5acd4e05eccacba442224db690ca,https://ss-cnt-001c.esmsv.com/r/content/host1/70a2ea70385dbf5c122bf2b80521ef1f/editor/225.png
images_226_96c8fae3.jpg,images,500,281,24143,Fotografía o recurso general del sitio,pending,https://centrorental.com.ar/--semana-de-la-seguridad-exolgan,,,,96c8fae31ad3d78ef8462b25f14e864ac252e32176e4d0907ff79bba085f5a24,https://ss-cnt-001c.esmsv.com/r/content/host1/70a2ea70385dbf5c122bf2b80521ef1f/editor/226.png
images_227_6c53e2df.jpg,images,500,281,25170,Fotografía o recurso general del sitio,pending,https://centrorental.com.ar/--semana-de-la-seguridad-exolgan,,,,6c53e2df74777b08b86d793788785d69136d11bd60fcd1e5b268329c00de4c87,https://ss-cnt-001c.esmsv.com/r/content/host1/70a2ea70385dbf5c122bf2b80521ef1f/editor/227.png
images_228_0a47454c.jpg,images,500,281,24204,Fotografía o recurso general del sitio,pending,https://centrorental.com.ar/--semana-de-la-seguridad-exolgan,,,,0a47454c02fba57feaeee8752167cb2eb6e6c5e4f872a378a0ed2f42f1beba28,https://ss-cnt-001c.esmsv.com/r/content/host1/70a2ea70385dbf5c122bf2b80521ef1f/editor/228.png
images_229_47d1b8a6.jpg,images,500,281,24150,Fotografía o recurso general del sitio,pending,https://centrorental.com.ar/--semana-de-la-seguridad-exolgan,,,,47d1b8a6dc3d7d147af6586a57a6284fdb6b03f665a454fca2e16eeccce6b5d0,https://ss-cnt-001c.esmsv.com/r/content/host1/70a2ea70385dbf5c122bf2b80521ef1f/editor/229.png
images_230_ca6e0db1.jpg,images,500,281,29158,Fotografía o recurso general del sitio,pending,https://centrorental.com.ar/--semana-de-la-seguridad-exolgan,,,,ca6e0db145ab10bfc958e8e46ef6bd69d23d4623724498c7282286bfd9cf967d,https://ss-cnt-001c.esmsv.com/r/content/host1/70a2ea70385dbf5c122bf2b80521ef1f/editor/230.png
images_231_bde69cc8.jpg,images,500,281,29602,Fotografía o recurso general del sitio,pending,https://centrorental.com.ar/--semana-de-la-seguridad-exolgan,,,,bde69cc824b6b99ab82e2e7c9b9fe488175807a421cf2526e19e42817148649f,https://ss-cnt-001c.esmsv.com/r/content/host1/70a2ea70385dbf5c122bf2b80521ef1f/editor/231.png
images_232_55d980ac.jpg,images,500,281,24997,Fotografía o recurso general del sitio,pending,https://centrorental.com.ar/--semana-de-la-seguridad-exolgan,,,,55d980ac1ee6182a16bad1188bcb91d2b29f9112687541206a98d6a7d8006729,https://ss-cnt-001c.esmsv.com/r/content/host1/70a2ea70385dbf5c122bf2b80521ef1f/editor/232.png
images_233_601098e8.jpg,images,500,281,24727,Fotografía o recurso general del sitio,pending,https://centrorental.com.ar/--semana-de-la-seguridad-exolgan,,,,601098e86df8327bc5e59fa2bd1222587640530eb538e22da13ac6e946ae71ef,https://ss-cnt-001c.esmsv.com/r/content/host1/70a2ea70385dbf5c122bf2b80521ef1f/editor/233.png
images_234_2f3fe342.jpg,images,500,281,22494,Fotografía o recurso general del sitio,pending,https://centrorental.com.ar/--semana-de-la-seguridad-exolgan,,,,2f3fe342ee8dbf9fe3da2970b1438899fc52e403d93de6c2e17df9d3b64de362,https://ss-cnt-001c.esmsv.com/r/content/host1/70a2ea70385dbf5c122bf2b80521ef1f/editor/234.png
images_376_334fdfc3.jpg,images,960,720,80414,Fotografía o recurso general del sitio,pending,https://centrorental.com.ar/--semana-de-la-seguridad-exolgan,,,,334fdfc3e22f8fd80e03c15017c24cbae4139ada36d5f0a65bbbd5f53257dfd3,https://ss-cnt-001c.esmsv.com/r/content/host1/70a2ea70385dbf5c122bf2b80521ef1f/editor/376.png
images_377_d76a9075.jpg,images,960,720,68334,Fotografía o recurso general del sitio,pending,https://centrorental.com.ar/--semana-de-la-seguridad-exolgan,,,,d76a9075582fe4e83be911adf9e13e1f1e26f1ebc96ae02541b31813f3eacb15,https://ss-cnt-001c.esmsv.com/r/content/host1/70a2ea70385dbf5c122bf2b80521ef1f/editor/377.png
images_378_9b38c51d.jpg,images,960,720,69420,Fotografía o recurso general del sitio,pending,https://centrorental.com.ar/--semana-de-la-seguridad-exolgan,,,,9b38c51dc3b8962aec3e5ff674ae8b07df206fa370bce0e2bb8202686b888da2,https://ss-cnt-001c.esmsv.com/r/content/host1/70a2ea70385dbf5c122bf2b80521ef1f/editor/378.png
images_379_a174cb8f.jpg,images,720,960,78774,Fotografía o recurso general del sitio,pending,https://centrorental.com.ar/--semana-de-la-seguridad-exolgan,,,,a174cb8faa4ef3069e39e078dbdf26a5527484b3a99a7b0a467366d03e793ca1,https://ss-cnt-001c.esmsv.com/r/content/host1/70a2ea70385dbf5c122bf2b80521ef1f/editor/379.png
images_380_6365cb10.jpg,images,960,720,47232,Fotografía o recurso general del sitio,pending,https://centrorental.com.ar/--semana-de-la-seguridad-exolgan,,,,6365cb10248308d3d57e77cb64efa9965c03f08a8d807175694829ab82f8fcfd,https://ss-cnt-001c.esmsv.com/r/content/host1/70a2ea70385dbf5c122bf2b80521ef1f/editor/380.png
images_381_df131b0d.jpg,images,960,720,73118,Fotografía o recurso general del sitio,pending,https://centrorental.com.ar/--semana-de-la-seguridad-exolgan,,,,df131b0d3ae20211501ed8de9e4f69651fa6aef2c9ddd7f7a9e31e66845de23d,https://ss-cnt-001c.esmsv.com/r/content/host1/70a2ea70385dbf5c122bf2b80521ef1f/editor/381.png
images_382_d61dec23.jpg,images,960,720,62105,Fotografía o recurso general del sitio,pending,https://centrorental.com.ar/--semana-de-la-seguridad-exolgan,,,,d61dec23414ccc1821407562318d5be44c0916aba779a243abf655f313ababb5,https://ss-cnt-001c.esmsv.com/r/content/host1/70a2ea70385dbf5c122bf2b80521ef1f/editor/382.png
images_383_a6cc1128.jpg,images,960,720,70167,Fotografía o recurso general del sitio,pending,https://centrorental.com.ar/--semana-de-la-seguridad-exolgan,,,,a6cc112816cca250025326873942c8410d1646aa85a1c9f22304e5ada77df4b0,https://ss-cnt-001c.esmsv.com/r/content/host1/70a2ea70385dbf5c122bf2b80521ef1f/editor/383.png
images_384_9c6845b1.jpg,images,960,720,66484,Fotografía o recurso general del sitio,pending,https://centrorental.com.ar/--semana-de-la-seguridad-exolgan,,,,9c6845b1c27a65c12131be9e8dceb92a8d86efd82923b52c9dca7eeb3a718a22,https://ss-cnt-001c.esmsv.com/r/content/host1/70a2ea70385dbf5c122bf2b80521ef1f/editor/384.png
events_80_aac9cc15.jpg,events,276,204,12952,Registro fotográfico de evento realizado,pending,https://centrorental.com.ar/--congreso-latinoamericano-de-musica,,,,aac9cc15b7e6a187d3b4f520c442ead4e0d2f31faff9565bb52bf990028d8255,https://ss-cnt-001c.esmsv.com/r/content/host1/70a2ea70385dbf5c122bf2b80521ef1f/editor/80.png
events_81_9a48760b.jpg,events,276,204,12480,Registro fotográfico de evento realizado,pending,https://centrorental.com.ar/--congreso-latinoamericano-de-musica,,,,9a48760bb51731b5bd922d982fcbcadc2cfd3b341a772050c4b3bdaabca88700,https://ss-cnt-001c.esmsv.com/r/content/host1/70a2ea70385dbf5c122bf2b80521ef1f/editor/81.png
equipment_1166_e70f5c10.jpg,equipment,600,427,44030,Equipamiento técnico para eventos y producción,pending,https://centrorental.com.ar/sonido-iluminacion-2,,,,e70f5c1010001b94a789a06f69763bdf1a225a4cb875746563c6f125ab482ed0,https://ss-cnt-001c.esmsv.com/r/content/host1/70a2ea70385dbf5c122bf2b80521ef1f/editor/1166.png
equipment_1168_127e6c02.jpg,equipment,600,427,41602,Equipamiento técnico para eventos y producción,pending,https://centrorental.com.ar/sonido-iluminacion-2,,,,127e6c02f98a5957bb8e59abee159d453eaf26d287e23eb3bd2f3f7390d6def5,https://ss-cnt-001c.esmsv.com/r/content/host1/70a2ea70385dbf5c122bf2b80521ef1f/editor/1168.png
equipment_1170_4ddf3d77.jpg,equipment,600,427,61384,Equipamiento técnico para eventos y producción,pending,https://centrorental.com.ar/sonido-iluminacion-2,,,,4ddf3d778b9f9c43bd8c400d933a78b815034053608eaae26174fdbd5b33c9d3,https://ss-cnt-001c.esmsv.com/r/content/host1/70a2ea70385dbf5c122bf2b80521ef1f/editor/1170.png
equipment_1172_7bf58f2a.jpg,equipment,600,427,39495,Equipamiento técnico para eventos y producción,pending,https://centrorental.com.ar/sonido-iluminacion-2,,,,7bf58f2aca3bb931241f3dc7699d9397f50575ce4acff900ef7d225f6cf2cc55,https://ss-cnt-001c.esmsv.com/r/content/host1/70a2ea70385dbf5c122bf2b80521ef1f/editor/1172.png
equipment_1174_10f90599.jpg,equipment,600,427,65837,Equipamiento técnico para eventos y producción,pending,https://centrorental.com.ar/sonido-iluminacion-2,,,,10f905995919f4ffbf559d481570f9445bec58143227e65465ab0ca1862051b0,https://ss-cnt-001c.esmsv.com/r/content/host1/70a2ea70385dbf5c122bf2b80521ef1f/editor/1174.png
equipment_1176_5c5234bf.jpg,equipment,600,427,36816,Equipamiento técnico para eventos y producción,pending,https://centrorental.com.ar/sonido-iluminacion-2,,,,5c5234bf7e1601b7fc23c05994849bcc4d60b1ba1fcf93802ae520bdf43f60f4,https://ss-cnt-001c.esmsv.com/r/content/host1/70a2ea70385dbf5c122bf2b80521ef1f/editor/1176.png
images_830_49c1325f.jpg,images,2048,1536,227073,Fotografía o recurso general del sitio,pending,https://centrorental.com.ar/--colegio-bialik-devoto,,,,49c1325f17b0f0895a43ee92810835350101ec6b42e0346647c30c25ecf6e273,https://ss-cnt-001c.esmsv.com/r/content/host1/70a2ea70385dbf5c122bf2b80521ef1f/editor/830.png
images_829_76b43da9.jpg,images,2048,1536,244145,Fotografía o recurso general del sitio,pending,https://centrorental.com.ar/--colegio-bialik-devoto,,,,76b43da92ce7ffadb3009d33e637a0cec9bf1e1fa4a5686d89902105f4805781,https://ss-cnt-001c.esmsv.com/r/content/host1/70a2ea70385dbf5c122bf2b80521ef1f/editor/829.png
images_827_52131bd0.jpg,images,2048,1536,302101,Fotografía o recurso general del sitio,pending,https://centrorental.com.ar/--colegio-bialik-devoto,,,,52131bd0ab89689551b4647aedfd971f801ce55c493cfbf51cdf8f5e14c785cb,https://ss-cnt-001c.esmsv.com/r/content/host1/70a2ea70385dbf5c122bf2b80521ef1f/editor/827.png
images_828_2f33492f.jpg,images,2048,1536,302157,Fotografía o recurso general del sitio,pending,https://centrorental.com.ar/--colegio-bialik-devoto,,,,2f33492f646693a1c2bafc494e42538197cd065c509d4958a638d53a42dffa3c,https://ss-cnt-001c.esmsv.com/r/content/host1/70a2ea70385dbf5c122bf2b80521ef1f/editor/828.png
images_826_5d6e3aad.jpg,images,2048,1536,247783,Fotografía o recurso general del sitio,pending,https://centrorental.com.ar/--colegio-bialik-devoto,,,,5d6e3aadb523101ac9b04bbcbe0674fe481c0b4087f3d2bcf2bdf3e03ab6477b,https://ss-cnt-001c.esmsv.com/r/content/host1/70a2ea70385dbf5c122bf2b80521ef1f/editor/826.png
images_824_0819e69c.jpg,images,2048,1536,285982,Fotografía o recurso general del sitio,pending,https://centrorental.com.ar/--colegio-bialik-devoto,,,,0819e69cb2c2bc6e3e410c298aeec6fb720400b5318f4db1b47c0e23dc5a1980,https://ss-cnt-001c.esmsv.com/r/content/host1/70a2ea70385dbf5c122bf2b80521ef1f/editor/824.png
images_823_95d1eb34.jpg,images,2048,1536,163365,Fotografía o recurso general del sitio,pending,https://centrorental.com.ar/--colegio-bialik-devoto,,,,95d1eb341a91d4f8368c3b084023c4bc0b3801d5c63a69d7e3f81519cb7d131a,https://ss-cnt-001c.esmsv.com/r/content/host1/70a2ea70385dbf5c122bf2b80521ef1f/editor/823.png
events_336_1b26f2ff.jpg,events,960,540,47534,Registro fotográfico de evento realizado,pending,https://centrorental.com.ar/--congreso-internacional-de-leasing,,,,1b26f2fff29fd1e45eafcdf49061130263ce241263634aad3c5af9ac82f8881d,https://ss-cnt-001c.esmsv.com/r/content/host1/70a2ea70385dbf5c122bf2b80521ef1f/editor/336.png
events_337_b88a85e7.jpg,events,960,540,50783,Registro fotográfico de evento realizado,pending,https://centrorental.com.ar/--congreso-internacional-de-leasing,,,,b88a85e744ed594c9f6ca4d86db1e81841b978584ff3a56c78c65c0e674f0c0c,https://ss-cnt-001c.esmsv.com/r/content/host1/70a2ea70385dbf5c122bf2b80521ef1f/editor/337.png
events_338_8b456539.jpg,events,960,540,34146,Registro fotográfico de evento realizado,pending,https://centrorental.com.ar/--congreso-internacional-de-leasing,,,,8b4565398fc065a2d01d19e626b119b9293e4e5b23f8ff254e3b934200fb9d80,https://ss-cnt-001c.esmsv.com/r/content/host1/70a2ea70385dbf5c122bf2b80521ef1f/editor/338.png
events_339_6717bcae.jpg,events,960,540,39128,Registro fotográfico de evento realizado,pending,https://centrorental.com.ar/--congreso-internacional-de-leasing,,,,6717bcaed60a90ee74fe4698a9079ae6a95d84a0e40cd62bfd1154b0e7418dea,https://ss-cnt-001c.esmsv.com/r/content/host1/70a2ea70385dbf5c122bf2b80521ef1f/editor/339.png
events_340_da077b7f.jpg,events,960,540,34983,Registro fotográfico de evento realizado,pending,https://centrorental.com.ar/--congreso-internacional-de-leasing,,,,da077b7fef34a595866c7c57fad714886bab7d98d4535659e8460ca8261576f3,https://ss-cnt-001c.esmsv.com/r/content/host1/70a2ea70385dbf5c122bf2b80521ef1f/editor/340.png
events_341_8c47cca6.jpg,events,960,540,35511,Registro fotográfico de evento realizado,pending,https://centrorental.com.ar/--congreso-internacional-de-leasing,,,,8c47cca64fda4f554ff2bf97c7b1fdd130717d455f43487fb588fd18c9a682de,https://ss-cnt-001c.esmsv.com/r/content/host1/70a2ea70385dbf5c122bf2b80521ef1f/editor/341.png
events_342_c74f40cc.jpg,events,960,540,34207,Registro fotográfico de evento realizado,pending,https://centrorental.com.ar/--congreso-internacional-de-leasing,,,,c74f40cce6157f2e9b9885ae94818593ee8062abf0b8604145798509f98cb9a1,https://ss-cnt-001c.esmsv.com/r/content/host1/70a2ea70385dbf5c122bf2b80521ef1f/editor/342.png
events_343_09570c9a.jpg,events,960,540,52245,Registro fotográfico de evento realizado,pending,https://centrorental.com.ar/--congreso-internacional-de-leasing,,,,09570c9a37c63c1734fece7b37c50540f032549f69b3cef36419be6963ea62c5,https://ss-cnt-001c.esmsv.com/r/content/host1/70a2ea70385dbf5c122bf2b80521ef1f/editor/343.png
events_344_82ebba1b.jpg,events,960,540,30245,Registro fotográfico de evento realizado,pending,https://centrorental.com.ar/--congreso-internacional-de-leasing,,,,82ebba1bb5fdcd7ce01510569a46fe01d338327a4395cc89747ab14eaa6f1b3b,https://ss-cnt-001c.esmsv.com/r/content/host1/70a2ea70385dbf5c122bf2b80521ef1f/editor/344.png
events_345_b1bb2035.jpg,events,960,540,40564,Registro fotográfico de evento realizado,pending,https://centrorental.com.ar/--congreso-internacional-de-leasing,,,,b1bb20357b4b470e6806dd004ce97b96c9a5112e9e51cc13e364972f452616e3,https://ss-cnt-001c.esmsv.com/r/content/host1/70a2ea70385dbf5c122bf2b80521ef1f/editor/345.png
events_346_59b1bd2e.jpg,events,960,540,42556,Registro fotográfico de evento realizado,pending,https://centrorental.com.ar/--congreso-internacional-de-leasing,,,,59b1bd2e45a1c8fd43838c536b5b55b65530ea9860c54c7ad040bebc063a2eff,https://ss-cnt-001c.esmsv.com/r/content/host1/70a2ea70385dbf5c122bf2b80521ef1f/editor/346.png
events_347_4401e780.jpg,events,960,540,58334,Registro fotográfico de evento realizado,pending,https://centrorental.com.ar/--congreso-internacional-de-leasing,,,,4401e780129a0951d74d0c056fcb43b94b0b119dcb4da21a68c7544e0f3a640e,https://ss-cnt-001c.esmsv.com/r/content/host1/70a2ea70385dbf5c122bf2b80521ef1f/editor/347.png
events_348_99ceae13.jpg,events,960,540,51150,Registro fotográfico de evento realizado,pending,https://centrorental.com.ar/--congreso-internacional-de-leasing,,,,99ceae132adf57f6360de4a8aaea56a07f5b081817f6191ccece1ef6356101c3,https://ss-cnt-001c.esmsv.com/r/content/host1/70a2ea70385dbf5c122bf2b80521ef1f/editor/348.png
events_349_1534de3b.jpg,events,720,960,74832,Registro fotográfico de evento realizado,pending,https://centrorental.com.ar/--congreso-internacional-de-leasing,,,,1534de3bc338e7d951ceef680c9324e430468909be88a334b0675e60b4cc82b7,https://ss-cnt-001c.esmsv.com/r/content/host1/70a2ea70385dbf5c122bf2b80521ef1f/editor/349.png
events_350_f30d6f9e.jpg,events,720,960,82410,Registro fotográfico de evento realizado,pending,https://centrorental.com.ar/--congreso-internacional-de-leasing,,,,f30d6f9e30e2498391487f5ecee9cb9bea87679d3d3dfaa33543539a4ef1b241,https://ss-cnt-001c.esmsv.com/r/content/host1/70a2ea70385dbf5c122bf2b80521ef1f/editor/350.png
events_351_9a60f3eb.jpg,events,960,720,89426,Registro fotográfico de evento realizado,pending,https://centrorental.com.ar/--congreso-internacional-de-leasing,,,,9a60f3eb010a6232edfe0924edb984dd09acc343fc410abde42d15447a41325d,https://ss-cnt-001c.esmsv.com/r/content/host1/70a2ea70385dbf5c122bf2b80521ef1f/editor/351.png
events_352_1272f484.jpg,events,960,720,74985,Registro fotográfico de evento realizado,pending,https://centrorental.com.ar/--congreso-internacional-de-leasing,,,,1272f484801e8ef4c353ae4aa6f0ca9e21a19fa4c7193afa6552dfb9ed0c169e,https://ss-cnt-001c.esmsv.com/r/content/host1/70a2ea70385dbf5c122bf2b80521ef1f/editor/352.png
events_353_9264e857.jpg,events,960,720,90209,Registro fotográfico de evento realizado,pending,https://centrorental.com.ar/--congreso-internacional-de-leasing,,,,9264e8578f9c1823134f5027bad336a14a9459e43d65ad53ef26de092f759c37,https://ss-cnt-001c.esmsv.com/r/content/host1/70a2ea70385dbf5c122bf2b80521ef1f/editor/353.png
equipment_124_37bf163f.png,equipment,862,476,239627,Equipamiento técnico para eventos y producción,pending,https://centrorental.com.ar/proyectores-full-hd,,,Contacto: (011) 4372-7059 | 15-4429-4224 | info@centrorental.com.ar ALQUILAR PROYECTORES FULL HD !,37bf163f73f767a86760c24cfa92e9bb45a5ca51b44fdb92446214afe01c84ca,https://ss-cnt-001c.esmsv.com/r/content/host1/70a2ea70385dbf5c122bf2b80521ef1f/editor/124.png
equipment_125_f93091b3.png,equipment,697,661,233635,Equipamiento técnico para eventos y producción,pending,https://centrorental.com.ar/proyectores-full-hd,,,Contacto: (011) 4372-7059 | 15-4429-4224 | info@centrorental.com.ar ALQUILAR PROYECTORES FULL HD !,f93091b38a1d8b14a528220dd99c1497b15a2f5c70eae02ee9dffd441cbd9617,https://ss-cnt-001c.esmsv.com/r/content/host1/70a2ea70385dbf5c122bf2b80521ef1f/editor/125.png
equipment_126_7829219f.png,equipment,691,633,284712,Equipamiento técnico para eventos y producción,pending,https://centrorental.com.ar/proyectores-full-hd,,,Contacto: (011) 4372-7059 | 15-4429-4224 | info@centrorental.com.ar ALQUILAR PROYECTORES FULL HD !,7829219fcaf21187b634597c7b865673caa28002b52bcbd064f6c0c681a6a955,https://ss-cnt-001c.esmsv.com/r/content/host1/70a2ea70385dbf5c122bf2b80521ef1f/editor/126.png
products_1132_737df104.jpg,products,600,427,23619,Producto de alquiler retail o venta,pending,https://centrorental.com.ar/playstation-5-xbox-x,,,,737df104f29c2b1db4eea9a4e26d4b96c0a1107f27611cb6b76ac97d6aae17a5,https://ss-cnt-001c.esmsv.com/r/content/host1/70a2ea70385dbf5c122bf2b80521ef1f/editor/1132.png
products_1134_5362d111.jpg,products,600,427,21690,Producto de alquiler retail o venta,pending,https://centrorental.com.ar/playstation-5-xbox-x,,,,5362d1119e746c545a8db4a819a8d0b6e99c8cc10f16a990d17ed6c01fcab804,https://ss-cnt-001c.esmsv.com/r/content/host1/70a2ea70385dbf5c122bf2b80521ef1f/editor/1134.png
equipment_1160_979b8dea.jpg,equipment,600,427,32376,Equipamiento técnico para eventos y producción,pending,https://centrorental.com.ar/escenarios-tarimas-vallas,,,,979b8dea8dece97bf5482134940ff63c36f4723aa64a4551899cd2e6cc8ea537,https://ss-cnt-001c.esmsv.com/r/content/host1/70a2ea70385dbf5c122bf2b80521ef1f/editor/1160.png
equipment_1162_6ab9f7bd.jpg,equipment,600,427,35758,Equipamiento técnico para eventos y producción,pending,https://centrorental.com.ar/escenarios-tarimas-vallas,,,,6ab9f7bd6050fa3365e5db74115b8b9d50bddf8c1e56f26ae21302a095fbac8c,https://ss-cnt-001c.esmsv.com/r/content/host1/70a2ea70385dbf5c122bf2b80521ef1f/editor/1162.png
equipment_1164_db815c76.jpg,equipment,600,427,46790,Equipamiento técnico para eventos y producción,pending,https://centrorental.com.ar/escenarios-tarimas-vallas,,,,db815c76242d9a82727aa740093d85439993d8b91bd4ea4e7a0752c52267e216,https://ss-cnt-001c.esmsv.com/r/content/host1/70a2ea70385dbf5c122bf2b80521ef1f/editor/1164.png
equipment_159_640ec1d7.jpg,equipment,960,720,64934,Equipamiento técnico para eventos y producción,pending,https://centrorental.com.ar/traduccion-simultanea,,,,640ec1d7b5c0be99cb7b863a94a4461342831f690bd7dd68501c481ddf790a53,https://ss-cnt-001c.esmsv.com/r/content/host1/70a2ea70385dbf5c122bf2b80521ef1f/editor/159.png
equipment_160_3b2511c3.jpg,equipment,720,960,91638,Equipamiento técnico para eventos y producción,pending,https://centrorental.com.ar/traduccion-simultanea,,,,3b2511c3d4c5939cbba97e6cb957fa02bf59189e7b4685bddbb6f51067b6de9c,https://ss-cnt-001c.esmsv.com/r/content/host1/70a2ea70385dbf5c122bf2b80521ef1f/editor/160.png
equipment_161_04712ff5.jpg,equipment,960,720,85328,Equipamiento técnico para eventos y producción,pending,https://centrorental.com.ar/traduccion-simultanea,,,,04712ff5fa7483a41761d944a743524c57d4c6a6cf2e77e70669b99cff9072ab,https://ss-cnt-001c.esmsv.com/r/content/host1/70a2ea70385dbf5c122bf2b80521ef1f/editor/161.png
equipment_162_f5ff596d.jpg,equipment,960,720,86696,Equipamiento técnico para eventos y producción,pending,https://centrorental.com.ar/traduccion-simultanea,,,,f5ff596d6221fb7de982f0b7386057f433b92b9e37d706e30de2af4b666f8f5b,https://ss-cnt-001c.esmsv.com/r/content/host1/70a2ea70385dbf5c122bf2b80521ef1f/editor/162.png
equipment_163_10657a8d.jpg,equipment,960,720,105448,Equipamiento técnico para eventos y producción,pending,https://centrorental.com.ar/traduccion-simultanea,,,,10657a8d1b3bef0d6b5ac50cd2b9a8e47b4e7056458ccf4a14e952a55345e262,https://ss-cnt-001c.esmsv.com/r/content/host1/70a2ea70385dbf5c122bf2b80521ef1f/editor/163.png
equipment_164_013bed37.jpg,equipment,720,960,95773,Equipamiento técnico para eventos y producción,pending,https://centrorental.com.ar/traduccion-simultanea,,,,013bed373924fec0d5e9e2454c81650e17f6d648deff159886ea3b167835f3ba,https://ss-cnt-001c.esmsv.com/r/content/host1/70a2ea70385dbf5c122bf2b80521ef1f/editor/164.png
equipment_165_934e233a.jpg,equipment,720,960,82771,Equipamiento técnico para eventos y producción,pending,https://centrorental.com.ar/traduccion-simultanea,,,,934e233a57716d69df06462bdbcaed5a0a184f7d43a3697f20edc4daca2a644f,https://ss-cnt-001c.esmsv.com/r/content/host1/70a2ea70385dbf5c122bf2b80521ef1f/editor/165.png
equipment_166_425a9158.jpg,equipment,960,498,60647,Equipamiento técnico para eventos y producción,pending,https://centrorental.com.ar/traduccion-simultanea,,,,425a91585fc36b38db7f614b25217215ab0839f1cd611f79e3085c7245fa24b2,https://ss-cnt-001c.esmsv.com/r/content/host1/70a2ea70385dbf5c122bf2b80521ef1f/editor/166.png
products_1100_f59e4bef.jpg,products,600,427,46148,Producto de alquiler retail o venta,pending,https://centrorental.com.ar/televisores-smart-4k,,,,f59e4bef5a6d657746833bf2b4436d71fbd45a7dda8766698dbc08120ee5e2a2,https://ss-cnt-001c.esmsv.com/r/content/host1/70a2ea70385dbf5c122bf2b80521ef1f/editor/1100.png
products_1102_e6edc01e.jpg,products,600,427,49240,Producto de alquiler retail o venta,pending,https://centrorental.com.ar/televisores-smart-4k,,,,e6edc01e8e51cab13b6a5a78f1d2bdc128d300ece72646978ad85dae527adaf0,https://ss-cnt-001c.esmsv.com/r/content/host1/70a2ea70385dbf5c122bf2b80521ef1f/editor/1102.png
products_1106_db1fef32.jpg,products,600,427,37281,Producto de alquiler retail o venta,pending,https://centrorental.com.ar/televisores-smart-4k,,,,db1fef3285963b28e25a7ec102f0e1f276a8554cbbf77b4d5c000a47502e5d87,https://ss-cnt-001c.esmsv.com/r/content/host1/70a2ea70385dbf5c122bf2b80521ef1f/editor/1106.png
equipment_557_b53c1bd0.png,equipment,415,633,190155,Equipamiento técnico para eventos y producción,pending,https://centrorental.com.ar/proyectores-estandard,,,Contacto: (011) 4372-7059 | 15-4429-4224 | info@centrorental.com.ar ALQUILAR PROYECTORES ESTANDARD !,b53c1bd066797738e1ff5ca4cc85b418cf672910cb76587a85c5e21e4f528918,https://ss-cnt-001c.esmsv.com/r/content/host1/70a2ea70385dbf5c122bf2b80521ef1f/editor/557.png
equipment_558_9ff30ee3.png,equipment,412,542,125928,Equipamiento técnico para eventos y producción,pending,https://centrorental.com.ar/proyectores-estandard,,,Contacto: (011) 4372-7059 | 15-4429-4224 | info@centrorental.com.ar ALQUILAR PROYECTORES ESTANDARD !,9ff30ee3f2f8b60eacff959472743b65c93ae4cfa8a5427b0b5f35226f119094,https://ss-cnt-001c.esmsv.com/r/content/host1/70a2ea70385dbf5c122bf2b80521ef1f/editor/558.png
images_614_fc11b718.jpg,images,960,727,54424,Fotografía o recurso general del sitio,pending,https://centrorental.com.ar/cabinas-dj,,,,fc11b718373841dd07560ada7b8a6806eb945c85ad4743c9779021a83b20c8cb,https://ss-cnt-001c.esmsv.com/r/content/host1/70a2ea70385dbf5c122bf2b80521ef1f/editor/614.png
images_128_bb84304d.jpg,images,960,720,31359,Fotografía o recurso general del sitio,duplicate_reference,https://centrorental.com.ar/cabinas-dj,,,,bb84304d4de6226462bf760394b0c3ddd0bff9af6f0dfa8e810a6e161e3377e9,https://ss-cnt-001c.esmsv.com/r/content/host1/70a2ea70385dbf5c122bf2b80521ef1f/editor/615.png
images_129_80c0265e.jpg,images,960,715,49137,Fotografía o recurso general del sitio,duplicate_reference,https://centrorental.com.ar/cabinas-dj,,,,80c0265e8b9345303138df645f25ffdd5c02b865024aa99447454513de30bbab,https://ss-cnt-001c.esmsv.com/r/content/host1/70a2ea70385dbf5c122bf2b80521ef1f/editor/616.png
images_130_f643d079.jpg,images,960,720,45159,Fotografía o recurso general del sitio,duplicate_reference,https://centrorental.com.ar/cabinas-dj,,,,f643d079bc3128524a21899309ae3cd4979a78682d8b7975d11f7e02e91b4a78,https://ss-cnt-001c.esmsv.com/r/content/host1/70a2ea70385dbf5c122bf2b80521ef1f/editor/617.png
images_131_c7f1dd38.jpg,images,960,540,32127,Fotografía o recurso general del sitio,duplicate_reference,https://centrorental.com.ar/cabinas-dj,,,,c7f1dd3842bc11519cdfc62004dfd241c6a53362e5392c589436e7462c48ee9c,https://ss-cnt-001c.esmsv.com/r/content/host1/70a2ea70385dbf5c122bf2b80521ef1f/editor/618.png
images_132_08a1117b.jpg,images,960,720,81466,Fotografía o recurso general del sitio,duplicate_reference,https://centrorental.com.ar/cabinas-dj,,,,08a1117b2a26bb4e67b3c97dc836f52796c4a8e6ca9aded9e1bccfc186e6b221,https://ss-cnt-001c.esmsv.com/r/content/host1/70a2ea70385dbf5c122bf2b80521ef1f/editor/619.png
images_620_3c6b43f8.jpg,images,556,417,30241,Fotografía o recurso general del sitio,pending,https://centrorental.com.ar/cabinas-dj,,,,3c6b43f8efe0b8c8b5110841278f59f5acb9353102792748610c68891920c6c6,https://ss-cnt-001c.esmsv.com/r/content/host1/70a2ea70385dbf5c122bf2b80521ef1f/editor/620.png
images_134_73f80fff.jpg,images,960,720,69558,Fotografía o recurso general del sitio,duplicate_reference,https://centrorental.com.ar/cabinas-dj,,,,73f80fff1b47497088aa64e531e184dddda30d55ff13af809f38d4544a73c29a,https://ss-cnt-001c.esmsv.com/r/content/host1/70a2ea70385dbf5c122bf2b80521ef1f/editor/621.png
images_135_e7a34e52.jpg,images,960,720,63600,Fotografía o recurso general del sitio,duplicate_reference,https://centrorental.com.ar/cabinas-dj,,,,e7a34e52e85f0831c108041aaf4b53caf1777b97c905c821cb3c9fbf8c529c58,https://ss-cnt-001c.esmsv.com/r/content/host1/70a2ea70385dbf5c122bf2b80521ef1f/editor/622.png
images_136_32b2cbb8.jpg,images,960,719,52641,Fotografía o recurso general del sitio,duplicate_reference,https://centrorental.com.ar/cabinas-dj,,,,32b2cbb8ed603e27dcec07346d993749ecc50171daaf17d989f0656496f84798,https://ss-cnt-001c.esmsv.com/r/content/host1/70a2ea70385dbf5c122bf2b80521ef1f/editor/623.png
images_137_6926d3cb.jpg,images,960,717,64813,Fotografía o recurso general del sitio,duplicate_reference,https://centrorental.com.ar/cabinas-dj,,,,6926d3cbbd9409318e12ee6822fb75b5a5892e175409b8ae12b9f52b78335a0b,https://ss-cnt-001c.esmsv.com/r/content/host1/70a2ea70385dbf5c122bf2b80521ef1f/editor/624.png
images_138_f91befc9.jpg,images,720,960,83839,Fotografía o recurso general del sitio,duplicate_reference,https://centrorental.com.ar/cabinas-dj,,,,f91befc9f8e27b76e6942dae8e8db9fcaa5989718c984f0a7b2f6679f899ca22,https://ss-cnt-001c.esmsv.com/r/content/host1/70a2ea70385dbf5c122bf2b80521ef1f/editor/625.png
images_141_1c7c522d.jpg,images,960,714,43069,Fotografía o recurso general del sitio,duplicate_reference,https://centrorental.com.ar/cabinas-dj,,,,1c7c522d6b1110205dae8b4669744e0f0a82aa58af5eb4bf42e0edb78bafa025,https://ss-cnt-001c.esmsv.com/r/content/host1/70a2ea70385dbf5c122bf2b80521ef1f/editor/626.png
images_139_bbe76ddd.jpg,images,960,720,71957,Fotografía o recurso general del sitio,duplicate_reference,https://centrorental.com.ar/cabinas-dj,,,,bbe76ddd780e9b38ffa2cc989094452ba9e87538e6fa1f0b45e69be5ea7d0f89,https://ss-cnt-001c.esmsv.com/r/content/host1/70a2ea70385dbf5c122bf2b80521ef1f/editor/627.png
events_1224_9ca1be09.jpg,events,960,1280,141457,Registro fotográfico de evento realizado,pending,https://centrorental.com.ar/hotel-scala-con-pantalla-de-led,,,,9ca1be098fd43e0d9b40b631a6bd86dde5424e8d86f0f3ef0eb081b97bcd8970,https://ss-cnt-001c.esmsv.com/r/content/host1/70a2ea70385dbf5c122bf2b80521ef1f/editor/1224.png
events_1226_a732aed4.jpg,events,960,1280,249577,Registro fotográfico de evento realizado,pending,https://centrorental.com.ar/hotel-scala-con-pantalla-de-led,,,,a732aed4fac25c2ce618377167ab6f968ab01d02e1928bf052b6ef41913e02b3,https://ss-cnt-001c.esmsv.com/r/content/host1/70a2ea70385dbf5c122bf2b80521ef1f/editor/1226.png
events_1230_61192648.jpg,events,960,1280,192660,Registro fotográfico de evento realizado,pending,https://centrorental.com.ar/hotel-scala-con-pantalla-de-led,,,,611926487c04eace21a483dce498bc61de187478d776e65f74f8efdd0d58c6f0,https://ss-cnt-001c.esmsv.com/r/content/host1/70a2ea70385dbf5c122bf2b80521ef1f/editor/1230.png
events_1232_1a0124a2.jpg,events,960,1280,252078,Registro fotográfico de evento realizado,pending,https://centrorental.com.ar/hotel-scala-con-pantalla-de-led,,,,1a0124a2982ea060ada19516612676a2605f6d9a7067f7a2d73abcefc8d0a49b,https://ss-cnt-001c.esmsv.com/r/content/host1/70a2ea70385dbf5c122bf2b80521ef1f/editor/1232.png
events_1248_2250013a.jpg,events,1156,867,94942,Registro fotográfico de evento realizado,pending,https://centrorental.com.ar/hotel-hilton-2,,,,2250013aa407a035ba9458137ff00366e6e550b87827ffbeda6420511ea426a3,https://ss-cnt-001c.esmsv.com/r/content/host1/70a2ea70385dbf5c122bf2b80521ef1f/editor/1248.png
events_1250_340d08ae.jpg,events,1156,867,80158,Registro fotográfico de evento realizado,pending,https://centrorental.com.ar/hotel-hilton-2,,,,340d08ae3c15ce1c8311eb9b600616df99a1f0346f5f59ade871e2054c204787,https://ss-cnt-001c.esmsv.com/r/content/host1/70a2ea70385dbf5c122bf2b80521ef1f/editor/1250.png
events_1252_a46abc4d.jpg,events,1156,867,53090,Registro fotográfico de evento realizado,pending,https://centrorental.com.ar/hotel-hilton-2,,,,a46abc4ddda3eebbfb2a41675fd3c5276321db33dcd7853485b82181757bbb5c,https://ss-cnt-001c.esmsv.com/r/content/host1/70a2ea70385dbf5c122bf2b80521ef1f/editor/1252.png
equipment_1108_377c6d9e.jpg,equipment,600,427,25846,Equipamiento técnico para eventos y producción,pending,https://centrorental.com.ar/starlink,,,,377c6d9ef57a8dc8854928fa091f5dbecec98c9f44a30dafafba72e9245d2896,https://ss-cnt-001c.esmsv.com/r/content/host1/70a2ea70385dbf5c122bf2b80521ef1f/editor/1108.png
equipment_1110_89f10d33.jpg,equipment,600,427,29782,Equipamiento técnico para eventos y producción,pending,https://centrorental.com.ar/starlink,,,,89f10d3376192812faae8f05a5bd9c931c47d0321cb17300f2cd09dfb907d362,https://ss-cnt-001c.esmsv.com/r/content/host1/70a2ea70385dbf5c122bf2b80521ef1f/editor/1110.png
equipment_1112_acf1fe01.jpg,equipment,600,427,55530,Equipamiento técnico para eventos y producción,pending,https://centrorental.com.ar/starlink,,,,acf1fe0141dcd731f74f611fed196722cfaa555b05f4e2402bd6eab28927c1d2,https://ss-cnt-001c.esmsv.com/r/content/host1/70a2ea70385dbf5c122bf2b80521ef1f/editor/1112.png
equipment_1114_41769cc3.jpg,equipment,600,427,43534,Equipamiento técnico para eventos y producción,pending,https://centrorental.com.ar/starlink,,,,41769cc3bad2a391e9e9b984f50a7662857050a04590b0e9bf4fe32ef9e03b3f,https://ss-cnt-001c.esmsv.com/r/content/host1/70a2ea70385dbf5c122bf2b80521ef1f/editor/1114.png
events_874_221c7d0f.jpg,events,960,540,65744,Registro fotográfico de evento realizado,pending,https://centrorental.com.ar/--entrega-de-premios-jorge-newbery-2015-usina-del-arte,,,,221c7d0f235e50fe86291290fddef9dde1568c891100277b78949f51aca7cc05,https://ss-cnt-001c.esmsv.com/r/content/host1/70a2ea70385dbf5c122bf2b80521ef1f/editor/874.png
events_863_5b8b4255.jpg,events,960,540,54819,Registro fotográfico de evento realizado,pending,https://centrorental.com.ar/--entrega-de-premios-jorge-newbery-2015-usina-del-arte,,,,5b8b425519b96c3c6ea2d2af00691e49a9a4aa45958e7d532d42f3a2a854d9b6,https://ss-cnt-001c.esmsv.com/r/content/host1/70a2ea70385dbf5c122bf2b80521ef1f/editor/863.png
events_873_8fde6511.jpg,events,960,540,85778,Registro fotográfico de evento realizado,pending,https://centrorental.com.ar/--entrega-de-premios-jorge-newbery-2015-usina-del-arte,,,,8fde6511178fd4240922d6a1cc00e040ef706a6ddabc782a4392c5beb76d8fba,https://ss-cnt-001c.esmsv.com/r/content/host1/70a2ea70385dbf5c122bf2b80521ef1f/editor/873.png
events_872_bda323e0.jpg,events,960,540,37128,Registro fotográfico de evento realizado,pending,https://centrorental.com.ar/--entrega-de-premios-jorge-newbery-2015-usina-del-arte,,,,bda323e0fa13a9dd137f3397774c1cd4778ce0c686f660c045f81b7d25a33083,https://ss-cnt-001c.esmsv.com/r/content/host1/70a2ea70385dbf5c122bf2b80521ef1f/editor/872.png
events_867_9e49d30e.jpg,events,960,540,59360,Registro fotográfico de evento realizado,pending,https://centrorental.com.ar/--entrega-de-premios-jorge-newbery-2015-usina-del-arte,,,,9e49d30efa9b0ce9e515b57e3679a70886fb91c99f6fee87ede622097e2c5835,https://ss-cnt-001c.esmsv.com/r/content/host1/70a2ea70385dbf5c122bf2b80521ef1f/editor/867.png
events_871_1920d350.jpg,events,960,540,35642,Registro fotográfico de evento realizado,pending,https://centrorental.com.ar/--entrega-de-premios-jorge-newbery-2015-usina-del-arte,,,,1920d350cccf784050d85bafb1b2ba3247580072146d96ab06d608c8ba8e1bcc,https://ss-cnt-001c.esmsv.com/r/content/host1/70a2ea70385dbf5c122bf2b80521ef1f/editor/871.png
events_856_2bb5f506.jpg,events,773,515,85667,Registro fotográfico de evento realizado,pending,https://centrorental.com.ar/--entrega-de-premios-jorge-newbery-2015-usina-del-arte,,,,2bb5f50625dcc05174e2c8c0de0377909406babb0a31131b7fbcfa7a4f797a1a,https://ss-cnt-001c.esmsv.com/r/content/host1/70a2ea70385dbf5c122bf2b80521ef1f/editor/856.png
events_869_64818518.jpg,events,960,540,82577,Registro fotográfico de evento realizado,pending,https://centrorental.com.ar/--entrega-de-premios-jorge-newbery-2015-usina-del-arte,,,,648185187774d7573d9d26ab6da229cc2d207d3656253bfa4e0e526223504b2c,https://ss-cnt-001c.esmsv.com/r/content/host1/70a2ea70385dbf5c122bf2b80521ef1f/editor/869.png
events_866_c297bdb1.jpg,events,960,540,68309,Registro fotográfico de evento realizado,pending,https://centrorental.com.ar/--entrega-de-premios-jorge-newbery-2015-usina-del-arte,,,,c297bdb19b95178b8bc2a89503a29149a6cb65fd0ae3eb1daf02f055a6e651b5,https://ss-cnt-001c.esmsv.com/r/content/host1/70a2ea70385dbf5c122bf2b80521ef1f/editor/866.png
events_497_49169437.jpg,events,1280,853,82053,Registro fotográfico de evento realizado,pending,https://centrorental.com.ar/--versace-en-el-sofitel-presentacion-perfume-eros-3,,,,49169437deea334a17898afe8c4035f0c6590782fac00afb78b65123ed502c8e,https://ss-cnt-001c.esmsv.com/r/content/host1/70a2ea70385dbf5c122bf2b80521ef1f/editor/497.png
events_498_b230bcec.jpg,events,1280,853,68920,Registro fotográfico de evento realizado,pending,https://centrorental.com.ar/--versace-en-el-sofitel-presentacion-perfume-eros-3,,,,b230bcec20dda01707259139fe91ffecc0f719306a77c6f0326f5e746c31793f,https://ss-cnt-001c.esmsv.com/r/content/host1/70a2ea70385dbf5c122bf2b80521ef1f/editor/498.png
events_499_29b36dc1.jpg,events,960,640,52651,Registro fotográfico de evento realizado,pending,https://centrorental.com.ar/--versace-en-el-sofitel-presentacion-perfume-eros-3,,,,29b36dc1b8ae6a5ce2aad57e5749447d643b5935ef247f42597f6ef99306db56,https://ss-cnt-001c.esmsv.com/r/content/host1/70a2ea70385dbf5c122bf2b80521ef1f/editor/499.png
events_500_0081a981.jpg,events,640,960,77474,Registro fotográfico de evento realizado,pending,https://centrorental.com.ar/--versace-en-el-sofitel-presentacion-perfume-eros-3,,,,0081a98102407065394083f1677a9a14297f0a95ce7f2ee5cd6e83a0206c3cbb,https://ss-cnt-001c.esmsv.com/r/content/host1/70a2ea70385dbf5c122bf2b80521ef1f/editor/500.png
events_501_7a6049a5.jpg,events,960,640,67101,Registro fotográfico de evento realizado,pending,https://centrorental.com.ar/--versace-en-el-sofitel-presentacion-perfume-eros-3,,,,7a6049a516975fc3bf745c516117112afb7073245d0c05dac845cb2e51082d3f,https://ss-cnt-001c.esmsv.com/r/content/host1/70a2ea70385dbf5c122bf2b80521ef1f/editor/501.png
events_502_1011e6b8.jpg,events,768,1024,86792,Registro fotográfico de evento realizado,pending,https://centrorental.com.ar/--versace-en-el-sofitel-presentacion-perfume-eros-3,,,,1011e6b80b22490c2a1e99de6511e3c8244375b5fabb770d359c8c20af652f9e,https://ss-cnt-001c.esmsv.com/r/content/host1/70a2ea70385dbf5c122bf2b80521ef1f/editor/502.png
events_503_65edd4db.jpg,events,768,1024,82599,Registro fotográfico de evento realizado,pending,https://centrorental.com.ar/--versace-en-el-sofitel-presentacion-perfume-eros-3,,,,65edd4dbe875b704911001440e6e779c84a1cf28f613b25b8526af9b1b4f007a,https://ss-cnt-001c.esmsv.com/r/content/host1/70a2ea70385dbf5c122bf2b80521ef1f/editor/503.png
events_504_088f1d28.jpg,events,768,1024,97629,Registro fotográfico de evento realizado,pending,https://centrorental.com.ar/--versace-en-el-sofitel-presentacion-perfume-eros-3,,,,088f1d28b6305ab9d9d917e9a08bfd40b5f9de88d906b8a094e96701209a9853,https://ss-cnt-001c.esmsv.com/r/content/host1/70a2ea70385dbf5c122bf2b80521ef1f/editor/504.png
events_505_5aa661ad.jpg,events,768,1024,121633,Registro fotográfico de evento realizado,pending,https://centrorental.com.ar/--versace-en-el-sofitel-presentacion-perfume-eros-3,,,,5aa661adb96e57bd0157900bd2a6fc0ef7952185c9103a697129669d4220ba86,https://ss-cnt-001c.esmsv.com/r/content/host1/70a2ea70385dbf5c122bf2b80521ef1f/editor/505.png
events_506_bd7ed2c6.jpg,events,768,1024,97420,Registro fotográfico de evento realizado,pending,https://centrorental.com.ar/--versace-en-el-sofitel-presentacion-perfume-eros-3,,,,bd7ed2c6eaf51953ed396ef41cab6494b63eec4fe49ac1f5b271e8c5ff48c874,https://ss-cnt-001c.esmsv.com/r/content/host1/70a2ea70385dbf5c122bf2b80521ef1f/editor/506.png
events_507_f51a5315.jpg,events,768,1024,95920,Registro fotográfico de evento realizado,pending,https://centrorental.com.ar/--versace-en-el-sofitel-presentacion-perfume-eros-3,,,,f51a5315d9a1329966c9e6fac35f164586265cdc9cb9f30a531e71ac78705cb3,https://ss-cnt-001c.esmsv.com/r/content/host1/70a2ea70385dbf5c122bf2b80521ef1f/editor/507.png
events_508_0404f1e6.jpg,events,1280,960,151844,Registro fotográfico de evento realizado,pending,https://centrorental.com.ar/--versace-en-el-sofitel-presentacion-perfume-eros-3,,,,0404f1e68f875cf0df0ebd66f7281d1f03a847cdee5c65b7bc97aed24ae53ded,https://ss-cnt-001c.esmsv.com/r/content/host1/70a2ea70385dbf5c122bf2b80521ef1f/editor/508.png
images_322_a9f7464b.jpg,images,960,720,69339,Fotografía o recurso general del sitio,pending,https://centrorental.com.ar/--foro-2013-vicaria-de-educacion-auditorio-de-belgrano,,,,a9f7464bb366a7adeffed17e3f3c0de5e51fb7f02f1d03fdb20648c59070b2b8,https://ss-cnt-001c.esmsv.com/r/content/host1/70a2ea70385dbf5c122bf2b80521ef1f/editor/322.png
images_323_2cdf434b.jpg,images,960,720,83542,Fotografía o recurso general del sitio,pending,https://centrorental.com.ar/--foro-2013-vicaria-de-educacion-auditorio-de-belgrano,,,,2cdf434b13cc0180cf12df3a1f035f91b11e6ccc6b09e5e7d8b761d9284cae0d,https://ss-cnt-001c.esmsv.com/r/content/host1/70a2ea70385dbf5c122bf2b80521ef1f/editor/323.png
images_324_31c6664f.jpg,images,960,720,69685,Fotografía o recurso general del sitio,pending,https://centrorental.com.ar/--foro-2013-vicaria-de-educacion-auditorio-de-belgrano,,,,31c6664fa552e2c3027a9538360f3194bee0dfb55fcde493729bfe0d1332219e,https://ss-cnt-001c.esmsv.com/r/content/host1/70a2ea70385dbf5c122bf2b80521ef1f/editor/324.png
images_325_86c3f857.jpg,images,960,720,90942,Fotografía o recurso general del sitio,pending,https://centrorental.com.ar/--foro-2013-vicaria-de-educacion-auditorio-de-belgrano,,,,86c3f8570472eca5199948a2ce0d19c3faf66911864fbbd3155e48b62a449497,https://ss-cnt-001c.esmsv.com/r/content/host1/70a2ea70385dbf5c122bf2b80521ef1f/editor/325.png
images_326_805cd035.jpg,images,960,720,83583,Fotografía o recurso general del sitio,pending,https://centrorental.com.ar/--foro-2013-vicaria-de-educacion-auditorio-de-belgrano,,,,805cd035d44c4dd0261b7670b3ccf41a483a9391d8afdfc62bcdcbd1ae216060,https://ss-cnt-001c.esmsv.com/r/content/host1/70a2ea70385dbf5c122bf2b80521ef1f/editor/326.png
events_1212_ff1d8edd.jpg,events,1156,867,145677,Registro fotográfico de evento realizado,pending,https://centrorental.com.ar/teatro-colon-para-unicef,,,,ff1d8edd70d9171583c3265595798d5087d145f1e57317f5b97a41c8ec76bd06,https://ss-cnt-001c.esmsv.com/r/content/host1/70a2ea70385dbf5c122bf2b80521ef1f/editor/1212.png
events_1216_981e512a.jpg,events,960,1280,163937,Registro fotográfico de evento realizado,pending,https://centrorental.com.ar/teatro-colon-para-unicef,,,,981e512a4b1cbff63fd7da330d445f1d4454f1291643152d294e1db3a65ec8d1,https://ss-cnt-001c.esmsv.com/r/content/host1/70a2ea70385dbf5c122bf2b80521ef1f/editor/1216.png
events_1218_02bae59e.jpg,events,960,1280,199622,Registro fotográfico de evento realizado,pending,https://centrorental.com.ar/teatro-colon-para-unicef,,,,02bae59edc25963e3637247816c26e8680bbbce6d4f490dbd12d6989a609e79a,https://ss-cnt-001c.esmsv.com/r/content/host1/70a2ea70385dbf5c122bf2b80521ef1f/editor/1218.png
events_1214_d81a088a.jpg,events,960,1280,222564,Registro fotográfico de evento realizado,pending,https://centrorental.com.ar/teatro-colon-para-unicef,,,,d81a088abc361b8afcd6cbcebc02a399578b1a9891e12158c8709cbcea7ccd4c,https://ss-cnt-001c.esmsv.com/r/content/host1/70a2ea70385dbf5c122bf2b80521ef1f/editor/1214.png
events_1220_caa8184a.jpg,events,1280,1213,237634,Registro fotográfico de evento realizado,pending,https://centrorental.com.ar/teatro-colon-para-unicef,,,,caa8184a953eddeec397af247f8376b13542421b8669953da8241834ce4ed281,https://ss-cnt-001c.esmsv.com/r/content/host1/70a2ea70385dbf5c122bf2b80521ef1f/editor/1220.png
images_585_af8dc2a1.jpg,images,1165,1024,81457,Fotografía o recurso general del sitio,pending,https://centrorental.com.ar/pantallas-redondas-2,,,Pantallas redondas Alquiler de pantallas redondas ALQUILAR PANTALLAS REDONDAS AHORA !,af8dc2a1afa52d863d53653c8298a22f67547ea41b9eadc8b7e773c4efa59532,https://ss-cnt-001c.esmsv.com/r/content/host1/70a2ea70385dbf5c122bf2b80521ef1f/editor/585.png
images_586_27a9dc39.jpg,images,768,1024,53753,Fotografía o recurso general del sitio,pending,https://centrorental.com.ar/pantallas-redondas-2,,,,27a9dc39309f1dac9ef4837ceaee08fc01e63958dd635e93dce3069a8634c885,https://ss-cnt-001c.esmsv.com/r/content/host1/70a2ea70385dbf5c122bf2b80521ef1f/editor/586.png
images_584_8406d7b5.jpg,images,1280,852,58668,Fotografía o recurso general del sitio,pending,https://centrorental.com.ar/pantallas-redondas-2,,,,8406d7b568b9b8294d7c2867d18375f49336bbd443c8c686cc2913d983362e32,https://ss-cnt-001c.esmsv.com/r/content/host1/70a2ea70385dbf5c122bf2b80521ef1f/editor/584.png
products_1130_8da159f6.jpg,products,600,427,19785,Producto de alquiler retail o venta,pending,https://centrorental.com.ar/biombos,,,,8da159f66a6fad099120ecdc54f1d41506e7386c4349c6bc6757adce51eb80a8,https://ss-cnt-001c.esmsv.com/r/content/host1/70a2ea70385dbf5c122bf2b80521ef1f/editor/1130.png
products_1126_a9d5d7dc.jpg,products,600,427,20087,Producto de alquiler retail o venta,pending,https://centrorental.com.ar/biombos,,,,a9d5d7dcaee7df9646d0e3061dc76d93a41be71aaed6cf6ad1b4004a27d4a612,https://ss-cnt-001c.esmsv.com/r/content/host1/70a2ea70385dbf5c122bf2b80521ef1f/editor/1126.png
events_354_baf65003.jpg,events,274,206,11395,Registro fotográfico de evento realizado,pending,https://centrorental.com.ar/--fiesta-de-la-hispanidad---centro-galicia-bsas,,,,baf6500303b939ba84f09749be8c6ebf4f60d1b18418b2e11989d7ec3eeb5ff5,https://ss-cnt-001c.esmsv.com/r/content/host1/70a2ea70385dbf5c122bf2b80521ef1f/editor/354.png
events_355_1db067ff.jpg,events,960,720,107813,Registro fotográfico de evento realizado,pending,https://centrorental.com.ar/--fiesta-de-la-hispanidad---centro-galicia-bsas,,,,1db067fff74041745d97bbffd5443d5a394d2d7671161e64bb8403a235ef9ef9,https://ss-cnt-001c.esmsv.com/r/content/host1/70a2ea70385dbf5c122bf2b80521ef1f/editor/355.png
events_356_fa4e7763.jpg,events,960,720,90291,Registro fotográfico de evento realizado,pending,https://centrorental.com.ar/--fiesta-de-la-hispanidad---centro-galicia-bsas,,,,fa4e7763d49bb353271369b4c920c32a8cd3f06942a4b5677df3d2f404ea7f87,https://ss-cnt-001c.esmsv.com/r/content/host1/70a2ea70385dbf5c122bf2b80521ef1f/editor/356.png
events_357_20b3ffed.jpg,events,960,720,124352,Registro fotográfico de evento realizado,pending,https://centrorental.com.ar/--fiesta-de-la-hispanidad---centro-galicia-bsas,,,,20b3ffed99c1181cc430a0d4357e42195a9d87865a2636b06c40275d18a872d0,https://ss-cnt-001c.esmsv.com/r/content/host1/70a2ea70385dbf5c122bf2b80521ef1f/editor/357.png
events_358_35289cf8.jpg,events,960,720,68510,Registro fotográfico de evento realizado,pending,https://centrorental.com.ar/--fiesta-de-la-hispanidad---centro-galicia-bsas,,,,35289cf86136bfbb3fcec76b78fca5d2ad17942a9b034206176d747cceb44957,https://ss-cnt-001c.esmsv.com/r/content/host1/70a2ea70385dbf5c122bf2b80521ef1f/editor/358.png
events_359_f8d889c6.jpg,events,960,720,53501,Registro fotográfico de evento realizado,pending,https://centrorental.com.ar/--fiesta-de-la-hispanidad---centro-galicia-bsas,,,,f8d889c63ef28e026e583d6a228722ecacc73faf831d6c7dc0f085e37b19265a,https://ss-cnt-001c.esmsv.com/r/content/host1/70a2ea70385dbf5c122bf2b80521ef1f/editor/359.png
events_360_4ee79d20.jpg,events,960,720,87775,Registro fotográfico de evento realizado,pending,https://centrorental.com.ar/--fiesta-de-la-hispanidad---centro-galicia-bsas,,,,4ee79d203b13583f128b73684291fc0dcab929aedc4bdceb9147ca27f661197a,https://ss-cnt-001c.esmsv.com/r/content/host1/70a2ea70385dbf5c122bf2b80521ef1f/editor/360.png
events_361_1558b072.jpg,events,960,720,82755,Registro fotográfico de evento realizado,pending,https://centrorental.com.ar/--fiesta-de-la-hispanidad---centro-galicia-bsas,,,,1558b0726bd1b45468ec65283de4a01b9e494a933f579fd5150f4d7e2c68fc6a,https://ss-cnt-001c.esmsv.com/r/content/host1/70a2ea70385dbf5c122bf2b80521ef1f/editor/361.png
events_362_d7a036db.jpg,events,960,720,133370,Registro fotográfico de evento realizado,pending,https://centrorental.com.ar/--fiesta-de-la-hispanidad---centro-galicia-bsas,,,,d7a036db8473f1905d33d35a8fde17bd0db08fdbf035c87da1ee1c67bed1b82d,https://ss-cnt-001c.esmsv.com/r/content/host1/70a2ea70385dbf5c122bf2b80521ef1f/editor/362.png
events_363_3a85a9db.jpg,events,960,720,111123,Registro fotográfico de evento realizado,pending,https://centrorental.com.ar/--fiesta-de-la-hispanidad---centro-galicia-bsas,,,,3a85a9dbdd19eeeef8f6a19cccf834ba312d2a8bf08d0c13862d18c4ec9f2642,https://ss-cnt-001c.esmsv.com/r/content/host1/70a2ea70385dbf5c122bf2b80521ef1f/editor/363.png
events_364_d82e06e5.jpg,events,960,720,142506,Registro fotográfico de evento realizado,pending,https://centrorental.com.ar/--fiesta-de-la-hispanidad---centro-galicia-bsas,,,,d82e06e53a66523ab217c927038fca3f28fc4886460bff5ddf6f6a52a9559d82,https://ss-cnt-001c.esmsv.com/r/content/host1/70a2ea70385dbf5c122bf2b80521ef1f/editor/364.png
events_365_a8a2b2d1.jpg,events,960,720,84529,Registro fotográfico de evento realizado,pending,https://centrorental.com.ar/--fiesta-de-la-hispanidad---centro-galicia-bsas,,,,a8a2b2d1a565b63dd9cbd9cbaf929ffe83f4dbf2ffc9f958ca67b23e34b98882,https://ss-cnt-001c.esmsv.com/r/content/host1/70a2ea70385dbf5c122bf2b80521ef1f/editor/365.png
events_366_bf764308.jpg,events,960,720,52935,Registro fotográfico de evento realizado,pending,https://centrorental.com.ar/--fiesta-de-la-hispanidad---centro-galicia-bsas,,,,bf764308af53d4568ea1ecb761847215b89fe2b19678316489c9c46d55490c6c,https://ss-cnt-001c.esmsv.com/r/content/host1/70a2ea70385dbf5c122bf2b80521ef1f/editor/366.png
events_367_9f798493.jpg,events,960,720,34798,Registro fotográfico de evento realizado,pending,https://centrorental.com.ar/--fiesta-de-la-hispanidad---centro-galicia-bsas,,,,9f7984935eb5de4c74898106a69cdb712f96912b0c61fa75aa84aeab06249483,https://ss-cnt-001c.esmsv.com/r/content/host1/70a2ea70385dbf5c122bf2b80521ef1f/editor/367.png
events_368_8c1c0f33.jpg,events,960,720,50570,Registro fotográfico de evento realizado,pending,https://centrorental.com.ar/--fiesta-de-la-hispanidad---centro-galicia-bsas,,,,8c1c0f33ad9f2b424d94e42a4acfd299fef2406c64ad6b87962dc37868ac414e,https://ss-cnt-001c.esmsv.com/r/content/host1/70a2ea70385dbf5c122bf2b80521ef1f/editor/368.png
events_369_e57ed7d0.jpg,events,720,960,80131,Registro fotográfico de evento realizado,pending,https://centrorental.com.ar/--fiesta-de-la-hispanidad---centro-galicia-bsas,,,,e57ed7d0eca605b39553cffb616b612bab7f85f08cb29d29ca48aada5447d5c7,https://ss-cnt-001c.esmsv.com/r/content/host1/70a2ea70385dbf5c122bf2b80521ef1f/editor/369.png
events_370_a220cfed.jpg,events,720,960,66568,Registro fotográfico de evento realizado,pending,https://centrorental.com.ar/--fiesta-de-la-hispanidad---centro-galicia-bsas,,,,a220cfedac1848cf47706d69871ba32d519c45a511778c182dba97614c851b6d,https://ss-cnt-001c.esmsv.com/r/content/host1/70a2ea70385dbf5c122bf2b80521ef1f/editor/370.png
events_371_5e5a3c39.jpg,events,960,720,54285,Registro fotográfico de evento realizado,pending,https://centrorental.com.ar/--fiesta-de-la-hispanidad---centro-galicia-bsas,,,,5e5a3c397d1fa7cba1ee94060f37ffda1504143e668f28fcf56cbe5fbb46617f,https://ss-cnt-001c.esmsv.com/r/content/host1/70a2ea70385dbf5c122bf2b80521ef1f/editor/371.png
events_372_7a47bec3.jpg,events,960,720,51843,Registro fotográfico de evento realizado,pending,https://centrorental.com.ar/--fiesta-de-la-hispanidad---centro-galicia-bsas,,,,7a47bec39d4b9abe504e24174ef8bf53685f47f62caf06a4f8d239a5470c244d,https://ss-cnt-001c.esmsv.com/r/content/host1/70a2ea70385dbf5c122bf2b80521ef1f/editor/372.png
events_373_050971ea.jpg,events,720,960,62254,Registro fotográfico de evento realizado,pending,https://centrorental.com.ar/--fiesta-de-la-hispanidad---centro-galicia-bsas,,,,050971ea7e9520d309f0ad1827f2fa4dae9f5f03e94184fc21043ae51d8549ad,https://ss-cnt-001c.esmsv.com/r/content/host1/70a2ea70385dbf5c122bf2b80521ef1f/editor/373.png
events_374_16a87038.jpg,events,960,720,103918,Registro fotográfico de evento realizado,pending,https://centrorental.com.ar/--fiesta-de-la-hispanidad---centro-galicia-bsas,,,,16a870387a7b426ee522e4fcfb5872386ddbe2c0c1bf30210d85cf6a2c10e8d2,https://ss-cnt-001c.esmsv.com/r/content/host1/70a2ea70385dbf5c122bf2b80521ef1f/editor/374.png
events_375_dda26aba.jpg,events,960,720,51423,Registro fotográfico de evento realizado,pending,https://centrorental.com.ar/--fiesta-de-la-hispanidad---centro-galicia-bsas,,,,dda26aba07d95c0baabe8fc2b84dcdf1f25117d161981ec3059211c0d61b23e8,https://ss-cnt-001c.esmsv.com/r/content/host1/70a2ea70385dbf5c122bf2b80521ef1f/editor/375.png
images_300_4e145aeb.jpg,images,960,960,92353,Fotografía o recurso general del sitio,pending,https://centrorental.com.ar/--fortinera-deroense-2013,,,,4e145aebc48722441d8706ae9052f3dfd0e2fe69540221ae6ffe34ab1b5b7eb1,https://ss-cnt-001c.esmsv.com/r/content/host1/70a2ea70385dbf5c122bf2b80521ef1f/editor/300.png
images_301_22891ea6.jpg,images,960,687,124564,Fotografía o recurso general del sitio,pending,https://centrorental.com.ar/--fortinera-deroense-2013,,,,22891ea6b02f246d55e57e8655ab31b3a3089034e520313039c135e1195c9104,https://ss-cnt-001c.esmsv.com/r/content/host1/70a2ea70385dbf5c122bf2b80521ef1f/editor/301.png
images_302_79c54bc2.jpg,images,960,720,50500,Fotografía o recurso general del sitio,pending,https://centrorental.com.ar/--fortinera-deroense-2013,,,,79c54bc24c3f14eaa5cd51d93aaf8453ad652f80a7b155cbb5e48454facee4d2,https://ss-cnt-001c.esmsv.com/r/content/host1/70a2ea70385dbf5c122bf2b80521ef1f/editor/302.png
images_303_4b19ef77.jpg,images,960,640,75088,Fotografía o recurso general del sitio,pending,https://centrorental.com.ar/--fortinera-deroense-2013,,,,4b19ef7791ec3b9083369919de750b6e7271594bde85410db8906ec886921c77,https://ss-cnt-001c.esmsv.com/r/content/host1/70a2ea70385dbf5c122bf2b80521ef1f/editor/303.png
images_304_a65aaf79.jpg,images,960,720,81680,Fotografía o recurso general del sitio,pending,https://centrorental.com.ar/--fortinera-deroense-2013,,,,a65aaf798d2a1a55fa326b37d47a820a1c1d94fe57be664d439221f877f9114f,https://ss-cnt-001c.esmsv.com/r/content/host1/70a2ea70385dbf5c122bf2b80521ef1f/editor/304.png
images_305_5901f76f.jpg,images,960,720,64125,Fotografía o recurso general del sitio,pending,https://centrorental.com.ar/--fortinera-deroense-2013,,,,5901f76f50744a2207ac18ca0d4d3d5f65b4c0975ffe5c43ba33de742200bcb9,https://ss-cnt-001c.esmsv.com/r/content/host1/70a2ea70385dbf5c122bf2b80521ef1f/editor/305.png
images_306_7ef7b7a3.jpg,images,960,720,70424,Fotografía o recurso general del sitio,pending,https://centrorental.com.ar/--fortinera-deroense-2013,,,,7ef7b7a39c605d63f2daeeb2ec17cf21515166cbdcd4d4fde4e89000dabba7eb,https://ss-cnt-001c.esmsv.com/r/content/host1/70a2ea70385dbf5c122bf2b80521ef1f/editor/306.png
images_307_e6627e55.jpg,images,960,720,75278,Fotografía o recurso general del sitio,pending,https://centrorental.com.ar/--fortinera-deroense-2013,,,,e6627e55e5fd422e58a546eba8e69d8dc4dcc579e3f8e6c0ffd161e822a08c87,https://ss-cnt-001c.esmsv.com/r/content/host1/70a2ea70385dbf5c122bf2b80521ef1f/editor/307.png
images_308_bfdce90d.jpg,images,960,720,47572,Fotografía o recurso general del sitio,pending,https://centrorental.com.ar/--fortinera-deroense-2013,,,,bfdce90d50e2d9cc1cac6ad4064efc806ddcd02525824a6f6fe94bcb66bb30ff,https://ss-cnt-001c.esmsv.com/r/content/host1/70a2ea70385dbf5c122bf2b80521ef1f/editor/308.png
images_312_e9eccc84.jpg,images,720,960,91776,Fotografía o recurso general del sitio,pending,https://centrorental.com.ar/--fortinera-deroense-2013,,,,e9eccc84f5bafbaf212cb5afb8a9b62e3daf5eb504c62d662a3e88c11ac85e71,https://ss-cnt-001c.esmsv.com/r/content/host1/70a2ea70385dbf5c122bf2b80521ef1f/editor/312.png
images_310_59c15911.jpg,images,960,720,59526,Fotografía o recurso general del sitio,pending,https://centrorental.com.ar/--fortinera-deroense-2013,,,,59c15911637953ce56a103a570b89765eb37f83647db728612379a7afe222875,https://ss-cnt-001c.esmsv.com/r/content/host1/70a2ea70385dbf5c122bf2b80521ef1f/editor/310.png
images_311_2b585bba.jpg,images,960,720,65077,Fotografía o recurso general del sitio,pending,https://centrorental.com.ar/--fortinera-deroense-2013,,,,2b585bba958cdbf4643eb49fddd58093590de57084954376545d48c7aa2f5532,https://ss-cnt-001c.esmsv.com/r/content/host1/70a2ea70385dbf5c122bf2b80521ef1f/editor/311.png
images_313_c8f666df.jpg,images,960,720,83475,Fotografía o recurso general del sitio,pending,https://centrorental.com.ar/--fortinera-deroense-2013,,,,c8f666df06fa7ce9f1a9a1834de27a19a109d9f415452b90c619dc2294c867d9,https://ss-cnt-001c.esmsv.com/r/content/host1/70a2ea70385dbf5c122bf2b80521ef1f/editor/313.png
images_314_e0e40761.jpg,images,960,720,115413,Fotografía o recurso general del sitio,pending,https://centrorental.com.ar/--fortinera-deroense-2013,,,,e0e40761b56a0351f0fd753bfb996b45e117b328eaeeaf3075ca60119d9368c7,https://ss-cnt-001c.esmsv.com/r/content/host1/70a2ea70385dbf5c122bf2b80521ef1f/editor/314.png
images_575_fca74cba.jpg,images,1280,960,157710,Fotografía o recurso general del sitio,pending,https://centrorental.com.ar/pantallas-gigantes-de-led-2,,,,fca74cbaea0ff0f37e0cb82653653c346842dba5f313ed387aa66b43aafb9b4b,https://ss-cnt-001c.esmsv.com/r/content/host1/70a2ea70385dbf5c122bf2b80521ef1f/editor/575.png
images_564_2a9a2842.jpg,images,1280,960,216792,Fotografía o recurso general del sitio,pending,https://centrorental.com.ar/pantallas-gigantes-de-led-2,,,,2a9a28420b807f51ca1f050b4882362a313a29376151e57aebef5dc4606f6a1f,https://ss-cnt-001c.esmsv.com/r/content/host1/70a2ea70385dbf5c122bf2b80521ef1f/editor/564.png
images_565_07445c4a.jpg,images,1280,960,240431,Fotografía o recurso general del sitio,pending,https://centrorental.com.ar/pantallas-gigantes-de-led-2,,,,07445c4a968ab377a36df7008cd0c0e88feab3865a9f2cb2c273bf84dd49fb9d,https://ss-cnt-001c.esmsv.com/r/content/host1/70a2ea70385dbf5c122bf2b80521ef1f/editor/565.png
images_566_1fcb49e5.jpg,images,1280,960,232706,Fotografía o recurso general del sitio,pending,https://centrorental.com.ar/pantallas-gigantes-de-led-2,,,,1fcb49e59d02001496894698746f7b3f42db6dc89c0037633ff6912c0ab07e4e,https://ss-cnt-001c.esmsv.com/r/content/host1/70a2ea70385dbf5c122bf2b80521ef1f/editor/566.png
images_567_2853c4b7.jpg,images,1280,960,150154,Fotografía o recurso general del sitio,pending,https://centrorental.com.ar/pantallas-gigantes-de-led-2,,,,2853c4b7a2734fbb068197cedb56219cb2684fef389112d8077cb1b6ac9a8ba7,https://ss-cnt-001c.esmsv.com/r/content/host1/70a2ea70385dbf5c122bf2b80521ef1f/editor/567.png
images_568_3b0aebac.jpg,images,1280,960,268234,Fotografía o recurso general del sitio,pending,https://centrorental.com.ar/pantallas-gigantes-de-led-2,,,,3b0aebac6b0a4d83771ccc01d03e27bd3e85d5ab257efa835255a6f5c947480f,https://ss-cnt-001c.esmsv.com/r/content/host1/70a2ea70385dbf5c122bf2b80521ef1f/editor/568.png
images_570_2824c620.jpg,images,960,721,62187,Fotografía o recurso general del sitio,pending,https://centrorental.com.ar/pantallas-gigantes-de-led-2,,,,2824c620c823b3c999f7b3921f62de53c797e825dc23bbc2267ba4c9b95799ca,https://ss-cnt-001c.esmsv.com/r/content/host1/70a2ea70385dbf5c122bf2b80521ef1f/editor/570.png
images_569_456fee7f.jpg,images,960,640,70872,Fotografía o recurso general del sitio,pending,https://centrorental.com.ar/pantallas-gigantes-de-led-2,,,,456fee7f7450f46ca2d3570a219b812d30da7d713192f48df659d6d2d4d39206,https://ss-cnt-001c.esmsv.com/r/content/host1/70a2ea70385dbf5c122bf2b80521ef1f/editor/569.png
images_583_f6b70c63.jpg,images,960,721,77652,Fotografía o recurso general del sitio,pending,https://centrorental.com.ar/pantallas-gigantes-de-led-2,,,,f6b70c63e2b2eba656a56b4b31a796ff46cca21d900158008cf6987f5d557792,https://ss-cnt-001c.esmsv.com/r/content/host1/70a2ea70385dbf5c122bf2b80521ef1f/editor/583.png
images_572_a7b920c6.jpg,images,960,637,109054,Fotografía o recurso general del sitio,pending,https://centrorental.com.ar/pantallas-gigantes-de-led-2,,,,a7b920c639bce5232f5b815d55de533b1c1c3241c653258d43dcc8a792582a02,https://ss-cnt-001c.esmsv.com/r/content/host1/70a2ea70385dbf5c122bf2b80521ef1f/editor/572.png
images_573_b5e89094.jpg,images,1280,960,250011,Fotografía o recurso general del sitio,pending,https://centrorental.com.ar/pantallas-gigantes-de-led-2,,,,b5e89094a92f4e23aec52d593b9a08ceca5a0b5259af8b5b246aaa538cf7cec4,https://ss-cnt-001c.esmsv.com/r/content/host1/70a2ea70385dbf5c122bf2b80521ef1f/editor/573.png
images_582_69d2584e.jpg,images,1280,960,155859,Fotografía o recurso general del sitio,pending,https://centrorental.com.ar/pantallas-gigantes-de-led-2,,,,69d2584ecc139cb5b15e2dca505d06faff4ef3f7c89b2d58d2b0e860f6a8e53a,https://ss-cnt-001c.esmsv.com/r/content/host1/70a2ea70385dbf5c122bf2b80521ef1f/editor/582.png
images_577_e3e1a56b.jpg,images,768,1024,98229,Fotografía o recurso general del sitio,pending,https://centrorental.com.ar/pantallas-gigantes-de-led-2,,,,e3e1a56b261349cc354cc2f3cc7b6b2a216cf522260222496cd9e8d2035493ad,https://ss-cnt-001c.esmsv.com/r/content/host1/70a2ea70385dbf5c122bf2b80521ef1f/editor/577.png
images_581_49369fa8.jpg,images,1280,960,152430,Fotografía o recurso general del sitio,pending,https://centrorental.com.ar/pantallas-gigantes-de-led-2,,,,49369fa819e79711fdea4685c2d57b15430d7162ab8f0b3f0d4f91c5f9ecc622,https://ss-cnt-001c.esmsv.com/r/content/host1/70a2ea70385dbf5c122bf2b80521ef1f/editor/581.png
images_579_46614fd8.jpg,images,1032,581,82213,Fotografía o recurso general del sitio,pending,https://centrorental.com.ar/pantallas-gigantes-de-led-2,,,,46614fd830a84a51ce6748cb31289b67fcd4b7bd3fab7b80fd76ec4087568a5a,https://ss-cnt-001c.esmsv.com/r/content/host1/70a2ea70385dbf5c122bf2b80521ef1f/editor/579.png
images_580_62b8ac75.jpg,images,1032,581,81870,Fotografía o recurso general del sitio,pending,https://centrorental.com.ar/pantallas-gigantes-de-led-2,,,,62b8ac75a10cbcfed86f7694ec3fbfbe23c14f6a81d694332cb5c43a5ae76378,https://ss-cnt-001c.esmsv.com/r/content/host1/70a2ea70385dbf5c122bf2b80521ef1f/editor/580.png
images_174_6ee1cca7.png,images,800,261,71176,Fotografía o recurso general del sitio,pending,https://centrorental.com.ar/pantallas-electricas-front,,,Pantallas Eléctricas Front ALQUILAR PANTALLAS ELÉCTRICAS FRONT AHORA !,6ee1cca7e430355077e691fdbf112450a643bdf26aed9b862a554146c2f63aee,https://ss-cnt-001c.esmsv.com/r/content/host1/70a2ea70385dbf5c122bf2b80521ef1f/editor/174.png
equipment_1116_adae5669.jpg,equipment,600,427,18161,Equipamiento técnico para eventos y producción,pending,https://centrorental.com.ar/sonido-iluminacion,,,,adae56690a367131c313b2501c9b69df54636efdbebf0318a43f6c57383fc52d,https://ss-cnt-001c.esmsv.com/r/content/host1/70a2ea70385dbf5c122bf2b80521ef1f/editor/1116.png
equipment_1118_44a1cb7d.jpg,equipment,600,427,20939,Equipamiento técnico para eventos y producción,pending,https://centrorental.com.ar/sonido-iluminacion,,,,44a1cb7daaf94bf277be4a6bc68dd01d7452809278d88997126bf3ef4c78aace,https://ss-cnt-001c.esmsv.com/r/content/host1/70a2ea70385dbf5c122bf2b80521ef1f/editor/1118.png
equipment_1120_fd7fb77b.jpg,equipment,600,427,43735,Equipamiento técnico para eventos y producción,pending,https://centrorental.com.ar/sonido-iluminacion,,,,fd7fb77bf5cf82efee03a60e6c454f2a21d1c19970dab3a38fd44767ccbb3599,https://ss-cnt-001c.esmsv.com/r/content/host1/70a2ea70385dbf5c122bf2b80521ef1f/editor/1120.png
equipment_1122_045a053d.jpg,equipment,600,427,58761,Equipamiento técnico para eventos y producción,pending,https://centrorental.com.ar/sonido-iluminacion,,,,045a053d265143ced11b92acc2c0f5cb71a450abd575a98d1f6cc987f124e3a3,https://ss-cnt-001c.esmsv.com/r/content/host1/70a2ea70385dbf5c122bf2b80521ef1f/editor/1122.png
events_1254_5d75261e.jpg,events,960,1280,156492,Registro fotográfico de evento realizado,pending,https://centrorental.com.ar/celebracion-fiesta-del-trono-emb-de-marruecos,,,,5d75261e99e8d50474e2f8e27aa4b831bcfc99b2f7287cdf9e1d87d4ddc97e5c,https://ss-cnt-001c.esmsv.com/r/content/host1/70a2ea70385dbf5c122bf2b80521ef1f/editor/1254.png
events_1256_d8cec057.jpg,events,960,1280,180617,Registro fotográfico de evento realizado,pending,https://centrorental.com.ar/celebracion-fiesta-del-trono-emb-de-marruecos,,,,d8cec057dfae47ff4ead219722f12fd55470e905db25e41044dc37b8d6d54cb0,https://ss-cnt-001c.esmsv.com/r/content/host1/70a2ea70385dbf5c122bf2b80521ef1f/editor/1256.png
events_1258_54fa9d8d.jpg,events,960,1280,194391,Registro fotográfico de evento realizado,pending,https://centrorental.com.ar/celebracion-fiesta-del-trono-emb-de-marruecos,,,,54fa9d8d30dbdfba110898efd3de1444a76b7e87fd1dc5ae5ef161dbdb726f9c,https://ss-cnt-001c.esmsv.com/r/content/host1/70a2ea70385dbf5c122bf2b80521ef1f/editor/1258.png
events_1260_8e11e3ff.jpg,events,960,1280,165597,Registro fotográfico de evento realizado,pending,https://centrorental.com.ar/celebracion-fiesta-del-trono-emb-de-marruecos,,,,8e11e3ffe47d1067bf558cf8d366015c68d5400a8bf7ccaa70cfbcc7b9d72c5d,https://ss-cnt-001c.esmsv.com/r/content/host1/70a2ea70385dbf5c122bf2b80521ef1f/editor/1260.png
events_1262_81fe2c3b.jpg,events,960,1280,206633,Registro fotográfico de evento realizado,pending,https://centrorental.com.ar/celebracion-fiesta-del-trono-emb-de-marruecos,,,,81fe2c3ba75f208eed31b7039f8d91781d84593922a595cb9190fba9af53b3a8,https://ss-cnt-001c.esmsv.com/r/content/host1/70a2ea70385dbf5c122bf2b80521ef1f/editor/1262.png
events_1264_ade5a0a4.jpg,events,960,1280,149811,Registro fotográfico de evento realizado,pending,https://centrorental.com.ar/celebracion-fiesta-del-trono-emb-de-marruecos,,,,ade5a0a4ef4a5c580a867fce3c891e35794009e8f3d249e64ec57eb78df2b2cc,https://ss-cnt-001c.esmsv.com/r/content/host1/70a2ea70385dbf5c122bf2b80521ef1f/editor/1264.png
images_428_0a38d491.jpg,images,206,274,6498,Fotografía o recurso general del sitio,pending,https://centrorental.com.ar/--entrega-de-premios-condor-2012,,,,0a38d4915dc181e156c0fc375d3e6a03dc75b1a5cbdbc5701601fccbc1dccbac,https://ss-cnt-001c.esmsv.com/r/content/host1/70a2ea70385dbf5c122bf2b80521ef1f/editor/428.png
images_429_543149c1.jpg,images,960,720,111142,Fotografía o recurso general del sitio,pending,https://centrorental.com.ar/--entrega-de-premios-condor-2012,,,,543149c1257bf68f399041d7c56ffd1f5043d13acc0d562ddaaea245540f28d2,https://ss-cnt-001c.esmsv.com/r/content/host1/70a2ea70385dbf5c122bf2b80521ef1f/editor/429.png
images_430_5654eece.jpg,images,960,720,80123,Fotografía o recurso general del sitio,pending,https://centrorental.com.ar/--entrega-de-premios-condor-2012,,,,5654eeced3e3feee648c385bec7657448ba4c958fabfae28493aedd6da0db8a5,https://ss-cnt-001c.esmsv.com/r/content/host1/70a2ea70385dbf5c122bf2b80521ef1f/editor/430.png
images_431_71e7cc22.jpg,images,960,720,62897,Fotografía o recurso general del sitio,pending,https://centrorental.com.ar/--entrega-de-premios-condor-2012,,,,71e7cc22937c3c953b4f90a1cf26c5ac06ab04430aef31067b3214f288bcf1a3,https://ss-cnt-001c.esmsv.com/r/content/host1/70a2ea70385dbf5c122bf2b80521ef1f/editor/431.png
images_432_17e83d93.jpg,images,960,720,70802,Fotografía o recurso general del sitio,pending,https://centrorental.com.ar/--entrega-de-premios-condor-2012,,,,17e83d93ac7d3599fa327b47f4a664931c9e8cf8f36d96af73311c96122fff8e,https://ss-cnt-001c.esmsv.com/r/content/host1/70a2ea70385dbf5c122bf2b80521ef1f/editor/432.png
images_433_ecfee524.jpg,images,720,960,51025,Fotografía o recurso general del sitio,pending,https://centrorental.com.ar/--entrega-de-premios-condor-2012,,,,ecfee52409a943955d920e21cb67dde3233f6fee6b77ef58da79d0c098eee0a8,https://ss-cnt-001c.esmsv.com/r/content/host1/70a2ea70385dbf5c122bf2b80521ef1f/editor/433.png
images_434_645f598a.jpg,images,720,960,58178,Fotografía o recurso general del sitio,pending,https://centrorental.com.ar/--entrega-de-premios-condor-2012,,,,645f598afb4992a20a3b094fcf41c15903e142b36e279cfa3391609d1e07ba14,https://ss-cnt-001c.esmsv.com/r/content/host1/70a2ea70385dbf5c122bf2b80521ef1f/editor/434.png
images_435_5ba4be8a.jpg,images,720,960,83262,Fotografía o recurso general del sitio,pending,https://centrorental.com.ar/--entrega-de-premios-condor-2012,,,,5ba4be8aab0dbc1ce9335ed029453863ce576a5532ba325b13a8a9a59ddc4076,https://ss-cnt-001c.esmsv.com/r/content/host1/70a2ea70385dbf5c122bf2b80521ef1f/editor/435.png
events_64_f135ef5d.jpg,events,276,204,13937,Registro fotográfico de evento realizado,duplicate_reference,https://centrorental.com.ar/eventos,,,Alvear Palace - Casamiento Breve texto explicativo ...,f135ef5d1e5fe025f1b4700176de4608ed327d6860d957c1fa1a6ef100bece0a,https://ss-cnt-001c.esmsv.com/r/content/host1/70a2ea70385dbf5c122bf2b80521ef1f/editor/88.png
events_73_9ed2818e.jpg,events,276,204,9949,Registro fotográfico de evento realizado,duplicate_reference,https://centrorental.com.ar/eventos,,,Calidad de Impacto - Sheraton Pilar Breve texto explicativo ...,9ed2818ecfe9bbe6983fd46b3b92bacf085c1743bd3fb32cd9f8dbffe234d36f,https://ss-cnt-001c.esmsv.com/r/content/host1/70a2ea70385dbf5c122bf2b80521ef1f/editor/89.png
events_90_9e7dae77.jpg,events,276,204,14097,Registro fotográfico de evento realizado,pending,https://centrorental.com.ar/eventos,,,Ciber a domicilio Breve texto explicativo ...,9e7dae776f63d0017199e287b35b0195ccd80436034412860b10c79c592aa2c2,https://ss-cnt-001c.esmsv.com/r/content/host1/70a2ea70385dbf5c122bf2b80521ef1f/editor/90.png
events_80_aac9cc15.jpg,events,276,204,12952,Registro fotográfico de evento realizado,duplicate_reference,https://centrorental.com.ar/eventos,,,Congreso Iberoamericano de Música Breve texto explicativo ...,aac9cc15b7e6a187d3b4f520c442ead4e0d2f31faff9565bb52bf990028d8255,https://ss-cnt-001c.esmsv.com/r/content/host1/70a2ea70385dbf5c122bf2b80521ef1f/editor/91.png
images_82_847b8077.jpg,events,276,204,13656,Registro fotográfico de evento realizado,duplicate_reference,https://centrorental.com.ar/eventos,,,Correo Argentino Breve texto explicativo ...,847b8077475ccc87d73c9dc6e066fd0af6814a999dda2fb75c03bc6eccf1e8fa,https://ss-cnt-001c.esmsv.com/r/content/host1/70a2ea70385dbf5c122bf2b80521ef1f/editor/92.png
events_175_9ddf53d2.jpg,events,490,330,30617,Registro fotográfico de evento realizado,duplicate_reference,https://centrorental.com.ar/eventos,,,1er Congreso Internacional De Convivencia Fund FePais Breve texto explicativo ...,9ddf53d2bf6a775f40a75633e7ee3a1ed545c77326b1fa62908e0042b8faa6e2,https://ss-cnt-001c.esmsv.com/r/content/host1/70a2ea70385dbf5c122bf2b80521ef1f/editor/521.png
events_209_9aa27bde.jpg,events,960,637,109009,Registro fotográfico de evento realizado,duplicate_reference,https://centrorental.com.ar/eventos,,,Fátima Flores en Teatro Tabarís Breve texto explicativo ...,9aa27bde64f0cd216df5bcee85057c8b957896046ba48e79d7a848fd6a012d7c,https://ss-cnt-001c.esmsv.com/r/content/host1/70a2ea70385dbf5c122bf2b80521ef1f/editor/522.png
images_219_20cfd5b4.jpg,events,500,281,22006,Registro fotográfico de evento realizado,duplicate_reference,https://centrorental.com.ar/eventos,,,Exolgan Exo Logistica Semana de la Seguridad Breve texto explicativo ...,20cfd5b41e7bf7fa547dee30b79a9be67eacf741c3e3aeab101988522553b564,https://ss-cnt-001c.esmsv.com/r/content/host1/70a2ea70385dbf5c122bf2b80521ef1f/editor/523.png
events_524_d1175c19.jpg,events,960,720,87845,Registro fotográfico de evento realizado,pending,https://centrorental.com.ar/eventos,,,Sandra Mihanovich en Auditorio Belgrano Breve texto explicativo ...,d1175c19a6d7ff33268634042fc4a68da9b8eb5930392934a4cf84a9f7aacae9,https://ss-cnt-001c.esmsv.com/r/content/host1/70a2ea70385dbf5c122bf2b80521ef1f/editor/524.png
images_300_4e145aeb.jpg,events,960,960,92353,Registro fotográfico de evento realizado,duplicate_reference,https://centrorental.com.ar/eventos,,,Fortinera Deroense 2013 Breve texto explicativo ...,4e145aebc48722441d8706ae9052f3dfd0e2fe69540221ae6ffe34ab1b5b7eb1,https://ss-cnt-001c.esmsv.com/r/content/host1/70a2ea70385dbf5c122bf2b80521ef1f/editor/525.png
images_266_cb2f6f72.jpg,events,320,224,27949,Registro fotográfico de evento realizado,duplicate_reference,https://centrorental.com.ar/eventos,,,Fortinera Deroense 2014 Breve texto explicativo ...,cb2f6f729162d4fea020c81440a51fb46b46504574ec71445eeee4607ec0088f,https://ss-cnt-001c.esmsv.com/r/content/host1/70a2ea70385dbf5c122bf2b80521ef1f/editor/526.png
images_315_28a66c34.jpg,events,960,720,63253,Registro fotográfico de evento realizado,duplicate_reference,https://centrorental.com.ar/eventos,,,Guamini 2013 Breve texto explicativo ...,28a66c34f527b85ceb127f9aefdeaa05e123d92503285c59aad083aa2dc9f43c,https://ss-cnt-001c.esmsv.com/r/content/host1/70a2ea70385dbf5c122bf2b80521ef1f/editor/527.png
events_528_9b61ba4a.jpg,events,274,206,10685,Registro fotográfico de evento realizado,pending,https://centrorental.com.ar/eventos,,,Foro 2013 Vicaria de Educacion Auditorio de Belgrano Breve texto explicativo ...,9b61ba4a6bb193cc63134242554e11d619b6170a8d4fd499d67380c841548f6f,https://ss-cnt-001c.esmsv.com/r/content/host1/70a2ea70385dbf5c122bf2b80521ef1f/editor/528.png
equipment_329_42cc8471.jpg,events,960,498,60654,Registro fotográfico de evento realizado,duplicate_reference,https://centrorental.com.ar/eventos,,,"OEI Traducción Simultanea Y 3 LED 55"" Breve texto explicativo ...",42cc8471948146fcb15c252add4381bcd3808aa482735d162f7ec43d6a03abc4,https://ss-cnt-001c.esmsv.com/r/content/host1/70a2ea70385dbf5c122bf2b80521ef1f/editor/531.png
events_530_6abdb00c.jpg,events,366,206,13754,Registro fotográfico de evento realizado,pending,https://centrorental.com.ar/eventos,,,Congreso Internacional De Leasing Breve texto explicativo ...,6abdb00c27bd29bce6394d0d2574116620a1146191d251f6e0942d069560b4eb,https://ss-cnt-001c.esmsv.com/r/content/host1/70a2ea70385dbf5c122bf2b80521ef1f/editor/530.png
events_365_a8a2b2d1.jpg,events,960,720,84529,Registro fotográfico de evento realizado,duplicate_reference,https://centrorental.com.ar/eventos,,,Fiesta De La Hispanidad - Centro Galicia Bs.As. Breve texto explicativo ...,a8a2b2d1a565b63dd9cbd9cbaf929ffe83f4dbf2ffc9f958ca67b23e34b98882,https://ss-cnt-001c.esmsv.com/r/content/host1/70a2ea70385dbf5c122bf2b80521ef1f/editor/532.png
events_535_3bc15042.jpg,events,960,686,179369,Registro fotográfico de evento realizado,pending,https://centrorental.com.ar/eventos,,,Bienal Arte Jóven La Plata Breve texto explicativo ...,3bc15042ae694e058f3bc405eabc4fc0bd529315e6c28d2ddaf4fd5a4583f91d,https://ss-cnt-001c.esmsv.com/r/content/host1/70a2ea70385dbf5c122bf2b80521ef1f/editor/535.png
events_406_bbfac0f5.jpg,events,960,640,62456,Registro fotográfico de evento realizado,duplicate_reference,https://centrorental.com.ar/eventos,,,Macbeth Teatro El Dante La Boca Breve texto explicativo ...,bbfac0f51a30e27307a64a5f27aa290923fafc7ad7d590ed46a516077fbe0030,https://ss-cnt-001c.esmsv.com/r/content/host1/70a2ea70385dbf5c122bf2b80521ef1f/editor/544.png
events_537_8924b8eb.jpg,events,960,640,65593,Registro fotográfico de evento realizado,pending,https://centrorental.com.ar/eventos,,,Inauguración Edificio Ibertic Breve texto explicativo ...,8924b8ebd1f9a1b22d3cbfc6fdef9f1bc337faee81a96d19761accf8ef171968,https://ss-cnt-001c.esmsv.com/r/content/host1/70a2ea70385dbf5c122bf2b80521ef1f/editor/537.png
images_432_17e83d93.jpg,events,960,720,70802,Registro fotográfico de evento realizado,duplicate_reference,https://centrorental.com.ar/eventos,,,Entrega De Premios Cóndor 2012 Breve texto explicativo ...,17e83d93ac7d3599fa327b47f4a664931c9e8cf8f36d96af73311c96122fff8e,https://ss-cnt-001c.esmsv.com/r/content/host1/70a2ea70385dbf5c122bf2b80521ef1f/editor/538.png
images_436_5c85c8e6.jpg,events,960,541,74239,Registro fotográfico de evento realizado,duplicate_reference,https://centrorental.com.ar/eventos,,,Exo Logística Esteban Echeverría Planta Nike Breve texto explicativo ...,5c85c8e6c6854677f25ba9e70da2c57103ead9dc05b600385de1d0df0b361130,https://ss-cnt-001c.esmsv.com/r/content/host1/70a2ea70385dbf5c122bf2b80521ef1f/editor/539.png
images_451_f03c5f75.jpg,events,960,540,75899,Registro fotográfico de evento realizado,duplicate_reference,https://centrorental.com.ar/eventos,,,Inauguración Parroquia San Juan Diego Breve texto explicativo ...,f03c5f75d2d77ba90098d5db69871abee71f161ed4e682e2fd9678fdc7b76ca1,https://ss-cnt-001c.esmsv.com/r/content/host1/70a2ea70385dbf5c122bf2b80521ef1f/editor/540.png
events_541_0795178d.jpg,events,960,540,123445,Registro fotográfico de evento realizado,pending,https://centrorental.com.ar/eventos,,,Vicaria de Educación 2015 Catedral Metropolitana Breve texto explicativo ...,0795178d5e8291204ae12902c6f6fd1849debba89fe68a440979cadcf6e43219,https://ss-cnt-001c.esmsv.com/r/content/host1/70a2ea70385dbf5c122bf2b80521ef1f/editor/541.png
images_475_999ddd42.jpg,events,500,375,32052,Registro fotográfico de evento realizado,duplicate_reference,https://centrorental.com.ar/eventos,,,OEI Org de Estados Iberoamericanos Breve texto explicativo ...,999ddd426312ddd771e10e31a4385cecf5b3d8f3d82559e909af79ada3ea846c,https://ss-cnt-001c.esmsv.com/r/content/host1/70a2ea70385dbf5c122bf2b80521ef1f/editor/542.png
events_497_49169437.jpg,events,1280,853,82053,Registro fotográfico de evento realizado,duplicate_reference,https://centrorental.com.ar/eventos,,,Versace en el Sofitel Presentación perfume Eros Breve texto explicativo ...,49169437deea334a17898afe8c4035f0c6590782fac00afb78b65123ed502c8e,https://ss-cnt-001c.esmsv.com/r/content/host1/70a2ea70385dbf5c122bf2b80521ef1f/editor/543.png
images_173_290eca7b.jpg,images,882,2048,339613,Fotografía o recurso general del sitio,pending,https://centrorental.com.ar/foto-y-video,,,Foto y Video CONTRATAR SERVICIO DE FOTO Y VIDEO AHORA !,290eca7b0ac21a61999d973652210639a53a4be8dc5cad52448808be355d164b,https://ss-cnt-001c.esmsv.com/r/content/host1/70a2ea70385dbf5c122bf2b80521ef1f/editor/173.png
images_167_f500bfdb.jpg,images,500,399,41381,Fotografía o recurso general del sitio,pending,https://centrorental.com.ar/foto-y-video,,,,f500bfdbf2c363f03c8d2dbd33ba26523c9152c74b9cf9ffa7e4e0a8856d482e,https://ss-cnt-001c.esmsv.com/r/content/host1/70a2ea70385dbf5c122bf2b80521ef1f/editor/167.png
images_168_655dda01.jpg,images,500,334,33386,Fotografía o recurso general del sitio,pending,https://centrorental.com.ar/foto-y-video,,,,655dda013b837d421d294eef41e6ee482b89d5ac63b0b688bb2d631a3abeaf86,https://ss-cnt-001c.esmsv.com/r/content/host1/70a2ea70385dbf5c122bf2b80521ef1f/editor/168.png
images_169_fd572b58.jpg,images,500,333,31208,Fotografía o recurso general del sitio,pending,https://centrorental.com.ar/foto-y-video,,,,fd572b58153d68b767db83e843188ac65c8f1c9334a10ef37fc6de9a6c13430a,https://ss-cnt-001c.esmsv.com/r/content/host1/70a2ea70385dbf5c122bf2b80521ef1f/editor/169.png
images_170_4ad7bbc7.jpg,images,500,281,24599,Fotografía o recurso general del sitio,pending,https://centrorental.com.ar/foto-y-video,,,,4ad7bbc7418842675a24c7e7c09d5682c5bae8411b93cdd9f2d924cb6e6eeffe,https://ss-cnt-001c.esmsv.com/r/content/host1/70a2ea70385dbf5c122bf2b80521ef1f/editor/170.png
images_171_187c511b.jpg,images,418,500,37939,Fotografía o recurso general del sitio,pending,https://centrorental.com.ar/foto-y-video,,,,187c511b356b7673d9f8f0ce565cbb271f39ca7874a1857b7766e3929acf3c75,https://ss-cnt-001c.esmsv.com/r/content/host1/70a2ea70385dbf5c122bf2b80521ef1f/editor/171.png
images_172_fb98a610.jpg,images,333,500,31276,Fotografía o recurso general del sitio,pending,https://centrorental.com.ar/foto-y-video,,,,fb98a6100518ba97a3d59c9cf8994888969784364a2ae0977f4514eb68b51a51,https://ss-cnt-001c.esmsv.com/r/content/host1/70a2ea70385dbf5c122bf2b80521ef1f/editor/172.png
equipment_1070_1f84147e.jpg,equipment,600,427,44693,Equipamiento técnico para eventos y producción,pending,https://centrorental.com.ar/pantallas-led,,,,1f84147e96fdb7d568281eb3a934abcda719d04ef4bb2e6c230f8a1a07eaf107,https://ss-cnt-001c.esmsv.com/r/content/host1/70a2ea70385dbf5c122bf2b80521ef1f/editor/1070.png
equipment_1072_1d9b3403.jpg,equipment,600,427,60684,Equipamiento técnico para eventos y producción,pending,https://centrorental.com.ar/pantallas-led,,,,1d9b3403af85b1daf3e1c8e8606b5cbd16d7b64e32e20339c95c3b418e60599a,https://ss-cnt-001c.esmsv.com/r/content/host1/70a2ea70385dbf5c122bf2b80521ef1f/editor/1072.png
equipment_1074_3fd198c6.jpg,equipment,600,427,45656,Equipamiento técnico para eventos y producción,pending,https://centrorental.com.ar/pantallas-led,,,,3fd198c6e596b00535fc1050f80c0c1a9a0a0dbbf0b388fce344408f0e32e484,https://ss-cnt-001c.esmsv.com/r/content/host1/70a2ea70385dbf5c122bf2b80521ef1f/editor/1074.png
equipment_1076_fcb9e72a.jpg,equipment,600,427,49997,Equipamiento técnico para eventos y producción,pending,https://centrorental.com.ar/pantallas-led,,,,fcb9e72acf018e9a18bbb688238c3b11c22f74e3e2ee99f3c127108d1743c647,https://ss-cnt-001c.esmsv.com/r/content/host1/70a2ea70385dbf5c122bf2b80521ef1f/editor/1076.png
equipment_1078_093bf059.jpg,equipment,600,427,53226,Equipamiento técnico para eventos y producción,pending,https://centrorental.com.ar/pantallas-led,,,,093bf05933f5192e4e34524e01d0e342a1e47b5237d4cb4bc533c12879f7226d,https://ss-cnt-001c.esmsv.com/r/content/host1/70a2ea70385dbf5c122bf2b80521ef1f/editor/1078.png
equipment_1080_205334b0.jpg,equipment,600,427,44968,Equipamiento técnico para eventos y producción,pending,https://centrorental.com.ar/pantallas-led,,,,205334b0e6be8d259e61f26b813c79916b8d41f56667eee157319859f8f0a2d4,https://ss-cnt-001c.esmsv.com/r/content/host1/70a2ea70385dbf5c122bf2b80521ef1f/editor/1080.png
equipment_1082_8b41c530.jpg,equipment,600,427,36350,Equipamiento técnico para eventos y producción,pending,https://centrorental.com.ar/pantallas-led,,,,8b41c5302bbb79e2eb67eb89c225d9bc23bd56be9877af39e3948b9375108e94,https://ss-cnt-001c.esmsv.com/r/content/host1/70a2ea70385dbf5c122bf2b80521ef1f/editor/1082.png
images_1086_6d289d0f.jpg,images,600,855,105171,Fotografía o recurso general del sitio,pending,https://centrorental.com.ar/showroom,,,,6d289d0f7f673ce76fa4d8526db4e564df4ad4a82143d24cfa2c3177cd9fbd86,https://ss-cnt-001c.esmsv.com/r/content/host1/70a2ea70385dbf5c122bf2b80521ef1f/editor/1086.png
images_1088_2d987ed8.jpg,images,600,855,123150,Fotografía o recurso general del sitio,pending,https://centrorental.com.ar/showroom,,,,2d987ed8875f0acba7ae59fa2897cafe20316d35a5b7f5afd4b79a57a4c5c6de,https://ss-cnt-001c.esmsv.com/r/content/host1/70a2ea70385dbf5c122bf2b80521ef1f/editor/1088.png
images_1090_01766460.jpg,images,600,855,103604,Fotografía o recurso general del sitio,pending,https://centrorental.com.ar/showroom,,,,017664604db756fc11d281276fde3cbcedc40abc27b1eaeda6f63947e020bae9,https://ss-cnt-001c.esmsv.com/r/content/host1/70a2ea70385dbf5c122bf2b80521ef1f/editor/1090.png
images_1092_61f1aa69.jpg,images,600,855,121686,Fotografía o recurso general del sitio,pending,https://centrorental.com.ar/showroom,,,,61f1aa699d14b386f7692cc9ba6bae028bd917890f99222d8c2d3dc186274dd0,https://ss-cnt-001c.esmsv.com/r/content/host1/70a2ea70385dbf5c122bf2b80521ef1f/editor/1092.png
images_1094_d28961ea.jpg,images,600,855,110937,Fotografía o recurso general del sitio,pending,https://centrorental.com.ar/showroom,,,,d28961ea771e916337f346f647cbfa9a5d68b6baf5d194c8a8eb3070b1e3f07a,https://ss-cnt-001c.esmsv.com/r/content/host1/70a2ea70385dbf5c122bf2b80521ef1f/editor/1094.png
images_1096_ba930c5c.jpg,images,600,855,110169,Fotografía o recurso general del sitio,pending,https://centrorental.com.ar/showroom,,,,ba930c5cd7fbe5ef30c9ca2741d81846f3ce42098ec98193c4565f4be9700e7a,https://ss-cnt-001c.esmsv.com/r/content/host1/70a2ea70385dbf5c122bf2b80521ef1f/editor/1096.png
images_1098_d39dce0d.jpg,images,600,855,107580,Fotografía o recurso general del sitio,pending,https://centrorental.com.ar/showroom,,,,d39dce0d4603426828f097d32f8ac2c2b476e32bd541dae35d6004287d9a034b,https://ss-cnt-001c.esmsv.com/r/content/host1/70a2ea70385dbf5c122bf2b80521ef1f/editor/1098.png
events_537_8924b8eb.jpg,images,960,640,65593,Fotografía o recurso general del sitio,duplicate_reference,https://centrorental.com.ar/--inauguracion-edificio-ibertic,,,,8924b8ebd1f9a1b22d3cbfc6fdef9f1bc337faee81a96d19761accf8ef171968,https://ss-cnt-001c.esmsv.com/r/content/host1/70a2ea70385dbf5c122bf2b80521ef1f/editor/416.png
images_417_394f4c7f.jpg,images,960,640,82648,Fotografía o recurso general del sitio,pending,https://centrorental.com.ar/--inauguracion-edificio-ibertic,,,,394f4c7fca9aac3150d8dfecff40a9b0fb93dbf5f89690cdca2e03a2a797c1a7,https://ss-cnt-001c.esmsv.com/r/content/host1/70a2ea70385dbf5c122bf2b80521ef1f/editor/417.png
images_418_49c660cb.jpg,images,960,640,51156,Fotografía o recurso general del sitio,pending,https://centrorental.com.ar/--inauguracion-edificio-ibertic,,,,49c660cbbd52ef518273e03f1357385dca86d0165f56ec2161495b46e3a81ff7,https://ss-cnt-001c.esmsv.com/r/content/host1/70a2ea70385dbf5c122bf2b80521ef1f/editor/418.png
images_419_44c0fb9a.jpg,images,960,640,98622,Fotografía o recurso general del sitio,pending,https://centrorental.com.ar/--inauguracion-edificio-ibertic,,,,44c0fb9a3191a31b3d6cca69ad2829c266681731048771491fb8734b885db3cf,https://ss-cnt-001c.esmsv.com/r/content/host1/70a2ea70385dbf5c122bf2b80521ef1f/editor/419.png
images_420_204ebd11.jpg,images,960,640,105375,Fotografía o recurso general del sitio,pending,https://centrorental.com.ar/--inauguracion-edificio-ibertic,,,,204ebd1128cfa74af6ba564ab1a228ef50719fd0b7c57459e6d73a17dd8a9ed9,https://ss-cnt-001c.esmsv.com/r/content/host1/70a2ea70385dbf5c122bf2b80521ef1f/editor/420.png
images_421_34efa4c6.jpg,images,960,640,69027,Fotografía o recurso general del sitio,pending,https://centrorental.com.ar/--inauguracion-edificio-ibertic,,,,34efa4c6ed515ce33c68873896a9e6b65cea76998bf66ae7cc026ea8e3f041b7,https://ss-cnt-001c.esmsv.com/r/content/host1/70a2ea70385dbf5c122bf2b80521ef1f/editor/421.png
images_422_eae33927.jpg,images,960,640,69757,Fotografía o recurso general del sitio,pending,https://centrorental.com.ar/--inauguracion-edificio-ibertic,,,,eae339276a6f4ec452e46790dc1a415dbc2c028c5a435a2f4b10a3a48609b871,https://ss-cnt-001c.esmsv.com/r/content/host1/70a2ea70385dbf5c122bf2b80521ef1f/editor/422.png
images_423_3631b028.jpg,images,960,640,65202,Fotografía o recurso general del sitio,pending,https://centrorental.com.ar/--inauguracion-edificio-ibertic,,,,3631b028bfdbd612cd29cf670105795696a8ee14d3a461fcf7039742094f4641,https://ss-cnt-001c.esmsv.com/r/content/host1/70a2ea70385dbf5c122bf2b80521ef1f/editor/423.png
images_424_9aa2a546.jpg,images,960,640,105141,Fotografía o recurso general del sitio,pending,https://centrorental.com.ar/--inauguracion-edificio-ibertic,,,,9aa2a5468e1607d47396003f51b35b13023cd1cbc028f2f901274f9b219dd2ee,https://ss-cnt-001c.esmsv.com/r/content/host1/70a2ea70385dbf5c122bf2b80521ef1f/editor/424.png
images_425_7b19ee77.jpg,images,960,640,91486,Fotografía o recurso general del sitio,pending,https://centrorental.com.ar/--inauguracion-edificio-ibertic,,,,7b19ee7711151efcd96786fcdb9e63949484b6ce787a59bf0448f57142658c73,https://ss-cnt-001c.esmsv.com/r/content/host1/70a2ea70385dbf5c122bf2b80521ef1f/editor/425.png
images_426_658ee05a.jpg,images,960,640,118010,Fotografía o recurso general del sitio,pending,https://centrorental.com.ar/--inauguracion-edificio-ibertic,,,,658ee05a9fcef708ba2f66404102b12d4641b7b27b27f65cc09a70ec27f820f1,https://ss-cnt-001c.esmsv.com/r/content/host1/70a2ea70385dbf5c122bf2b80521ef1f/editor/426.png
images_427_dfd41917.jpg,images,960,640,61626,Fotografía o recurso general del sitio,pending,https://centrorental.com.ar/--inauguracion-edificio-ibertic,,,,dfd419179b06295959bc7bcede36a4f8d399072a568139a9989ce32d57792916,https://ss-cnt-001c.esmsv.com/r/content/host1/70a2ea70385dbf5c122bf2b80521ef1f/editor/427.png
events_524_d1175c19.jpg,events,960,720,87845,Registro fotográfico de evento realizado,duplicate_reference,https://centrorental.com.ar/--sandra-mihanovich-en-auditorio-belgrano,,,,d1175c19a6d7ff33268634042fc4a68da9b8eb5930392934a4cf84a9f7aacae9,https://ss-cnt-001c.esmsv.com/r/content/host1/70a2ea70385dbf5c122bf2b80521ef1f/editor/235.png
events_236_4a316b3e.jpg,events,960,720,95757,Registro fotográfico de evento realizado,pending,https://centrorental.com.ar/--sandra-mihanovich-en-auditorio-belgrano,,,,4a316b3e3d982043c68c12d603a65a143622865cecbeabe7ebd70b204b944976,https://ss-cnt-001c.esmsv.com/r/content/host1/70a2ea70385dbf5c122bf2b80521ef1f/editor/236.png
events_237_90f9b75a.jpg,events,960,720,60480,Registro fotográfico de evento realizado,pending,https://centrorental.com.ar/--sandra-mihanovich-en-auditorio-belgrano,,,,90f9b75a8d97f0429a0479b213bada6e8065b73d9e793d37681bd58812bd600a,https://ss-cnt-001c.esmsv.com/r/content/host1/70a2ea70385dbf5c122bf2b80521ef1f/editor/237.png
events_238_a709a421.jpg,events,960,720,33135,Registro fotográfico de evento realizado,pending,https://centrorental.com.ar/--sandra-mihanovich-en-auditorio-belgrano,,,,a709a4210df59217fc888e8f37b1aad685ef84ab4b7f7c18f5dcc9d340a605bc,https://ss-cnt-001c.esmsv.com/r/content/host1/70a2ea70385dbf5c122bf2b80521ef1f/editor/238.png
events_239_a6775e57.jpg,events,720,960,62034,Registro fotográfico de evento realizado,pending,https://centrorental.com.ar/--sandra-mihanovich-en-auditorio-belgrano,,,,a6775e57cceb36e8ab2226096e20aa107b32ae4df8698edc45564fbb5cef061c,https://ss-cnt-001c.esmsv.com/r/content/host1/70a2ea70385dbf5c122bf2b80521ef1f/editor/239.png
events_240_ecba8518.jpg,events,704,528,33241,Registro fotográfico de evento realizado,pending,https://centrorental.com.ar/--sandra-mihanovich-en-auditorio-belgrano,,,,ecba85187dbb17882d7b77b434b7e844cb3b20a3cc195e9c315862ce99f5b324,https://ss-cnt-001c.esmsv.com/r/content/host1/70a2ea70385dbf5c122bf2b80521ef1f/editor/240.png
events_241_f7bab925.jpg,events,704,528,42099,Registro fotográfico de evento realizado,pending,https://centrorental.com.ar/--sandra-mihanovich-en-auditorio-belgrano,,,,f7bab92509470671a9fb7a17fc0a15f51abf982e4b6fb572c6f936dda31be7ed,https://ss-cnt-001c.esmsv.com/r/content/host1/70a2ea70385dbf5c122bf2b80521ef1f/editor/241.png
events_242_4fc0cee1.jpg,events,720,960,61469,Registro fotográfico de evento realizado,pending,https://centrorental.com.ar/--sandra-mihanovich-en-auditorio-belgrano,,,,4fc0cee11ba567f25e16f13ba27307d1fb32ad5b61509b651064b4e3febbe081,https://ss-cnt-001c.esmsv.com/r/content/host1/70a2ea70385dbf5c122bf2b80521ef1f/editor/242.png
events_243_13202b23.jpg,events,960,720,67676,Registro fotográfico de evento realizado,pending,https://centrorental.com.ar/--sandra-mihanovich-en-auditorio-belgrano,,,,13202b234b02cd7b0f234c653b34e389e9c3bc2e8720ae5c56903fb6c0dbd208,https://ss-cnt-001c.esmsv.com/r/content/host1/70a2ea70385dbf5c122bf2b80521ef1f/editor/243.png
events_244_15aeba77.jpg,events,960,720,92052,Registro fotográfico de evento realizado,pending,https://centrorental.com.ar/--sandra-mihanovich-en-auditorio-belgrano,,,,15aeba77c0a19ee9740c7ff29c36dd86ec11e876a8dd5eb7bba403b45f7f2221,https://ss-cnt-001c.esmsv.com/r/content/host1/70a2ea70385dbf5c122bf2b80521ef1f/editor/244.png
events_245_a83e09b8.jpg,events,960,720,49602,Registro fotográfico de evento realizado,pending,https://centrorental.com.ar/--sandra-mihanovich-en-auditorio-belgrano,,,,a83e09b8282a884d795313c21440822b92a6ecbd6999ccef364a058777678a2b,https://ss-cnt-001c.esmsv.com/r/content/host1/70a2ea70385dbf5c122bf2b80521ef1f/editor/245.png
events_246_c80d1200.jpg,events,960,720,49955,Registro fotográfico de evento realizado,pending,https://centrorental.com.ar/--sandra-mihanovich-en-auditorio-belgrano,,,,c80d1200be1208bfa5d847c069437f3f33d0a221483b88d72ce32b89ee0f6cd5,https://ss-cnt-001c.esmsv.com/r/content/host1/70a2ea70385dbf5c122bf2b80521ef1f/editor/246.png
events_247_315af915.jpg,events,960,720,49948,Registro fotográfico de evento realizado,pending,https://centrorental.com.ar/--sandra-mihanovich-en-auditorio-belgrano,,,,315af9150f9728a3b5388f04a1a00d6f9c91e1041cd4851253324edba7e23376,https://ss-cnt-001c.esmsv.com/r/content/host1/70a2ea70385dbf5c122bf2b80521ef1f/editor/247.png
events_248_8261a31b.jpg,events,960,720,67984,Registro fotográfico de evento realizado,pending,https://centrorental.com.ar/--sandra-mihanovich-en-auditorio-belgrano,,,,8261a31bb300681d299dd3674bfe784e1c9c3213f64eda924fcc28a3dd64beb1,https://ss-cnt-001c.esmsv.com/r/content/host1/70a2ea70385dbf5c122bf2b80521ef1f/editor/248.png
events_249_d6e6e905.jpg,events,960,720,62275,Registro fotográfico de evento realizado,pending,https://centrorental.com.ar/--sandra-mihanovich-en-auditorio-belgrano,,,,d6e6e9050b7c6d5c28bfd75a76314c587bab5508616c74ffb7898aaae9d77a17,https://ss-cnt-001c.esmsv.com/r/content/host1/70a2ea70385dbf5c122bf2b80521ef1f/editor/249.png
events_250_f8368305.jpg,events,960,720,50035,Registro fotográfico de evento realizado,pending,https://centrorental.com.ar/--sandra-mihanovich-en-auditorio-belgrano,,,,f836830545b1fd0a07a55b03ba6f6473aae04305366ad27c77e36ba0f408fbd3,https://ss-cnt-001c.esmsv.com/r/content/host1/70a2ea70385dbf5c122bf2b80521ef1f/editor/250.png
events_251_6c0cf7d1.jpg,events,960,799,59383,Registro fotográfico de evento realizado,pending,https://centrorental.com.ar/--sandra-mihanovich-en-auditorio-belgrano,,,,6c0cf7d1511953b666908522d3b46d8a2001119543e05e07b995f16e5442150a,https://ss-cnt-001c.esmsv.com/r/content/host1/70a2ea70385dbf5c122bf2b80521ef1f/editor/251.png
events_252_8759d3c8.jpg,events,960,556,47476,Registro fotográfico de evento realizado,pending,https://centrorental.com.ar/--sandra-mihanovich-en-auditorio-belgrano,,,,8759d3c81854c590b4baa36eee4d5c1d43ff675ff28823166ccfc6084ca6508a,https://ss-cnt-001c.esmsv.com/r/content/host1/70a2ea70385dbf5c122bf2b80521ef1f/editor/252.png
events_253_f733bea1.jpg,events,960,599,53527,Registro fotográfico de evento realizado,pending,https://centrorental.com.ar/--sandra-mihanovich-en-auditorio-belgrano,,,,f733bea1df21d19c7f1d319ba5dc511c80ec734cac23fdee9453b1eae6572b60,https://ss-cnt-001c.esmsv.com/r/content/host1/70a2ea70385dbf5c122bf2b80521ef1f/editor/253.png
events_254_206402b6.jpg,events,960,720,38923,Registro fotográfico de evento realizado,pending,https://centrorental.com.ar/--sandra-mihanovich-en-auditorio-belgrano,,,,206402b6adcb2cd513e403a69e71965ce82886e20b5760fef0d8ddd8834e1b63,https://ss-cnt-001c.esmsv.com/r/content/host1/70a2ea70385dbf5c122bf2b80521ef1f/editor/254.png
events_255_33a3e8f9.jpg,events,720,540,43397,Registro fotográfico de evento realizado,pending,https://centrorental.com.ar/--sandra-mihanovich-en-auditorio-belgrano,,,,33a3e8f943244eb3f48e2a66ce114f7be8812d9e06eadb804739220ad9910748,https://ss-cnt-001c.esmsv.com/r/content/host1/70a2ea70385dbf5c122bf2b80521ef1f/editor/255.png
events_256_af419e9a.jpg,events,720,540,39669,Registro fotográfico de evento realizado,pending,https://centrorental.com.ar/--sandra-mihanovich-en-auditorio-belgrano,,,,af419e9aa1968b2d37a7ece595978c1dd720f543540c7163f48bd3c3177d0ecc,https://ss-cnt-001c.esmsv.com/r/content/host1/70a2ea70385dbf5c122bf2b80521ef1f/editor/256.png
events_257_7a5d2d1f.jpg,events,720,540,52259,Registro fotográfico de evento realizado,pending,https://centrorental.com.ar/--sandra-mihanovich-en-auditorio-belgrano,,,,7a5d2d1fa6443946eee026a04ddd7d9a9a592039f30fa5fec9021e961515743d,https://ss-cnt-001c.esmsv.com/r/content/host1/70a2ea70385dbf5c122bf2b80521ef1f/editor/257.png
events_258_386dfc15.jpg,events,720,540,48964,Registro fotográfico de evento realizado,pending,https://centrorental.com.ar/--sandra-mihanovich-en-auditorio-belgrano,,,,386dfc1525f4b286e6b91d90eaf854de6eff62b3bfeb4fbccb84031becb38c17,https://ss-cnt-001c.esmsv.com/r/content/host1/70a2ea70385dbf5c122bf2b80521ef1f/editor/258.png
events_259_0196c484.jpg,events,720,540,25926,Registro fotográfico de evento realizado,pending,https://centrorental.com.ar/--sandra-mihanovich-en-auditorio-belgrano,,,,0196c484907384928fbc1d61b61f1ca1213030db4d8b07a8a42ac133a79f1be1,https://ss-cnt-001c.esmsv.com/r/content/host1/70a2ea70385dbf5c122bf2b80521ef1f/editor/259.png
events_260_bc38f7b4.jpg,events,540,720,59227,Registro fotográfico de evento realizado,pending,https://centrorental.com.ar/--sandra-mihanovich-en-auditorio-belgrano,,,,bc38f7b477a8bf1b8b6f4a55d09a055b8ceb57db7b738c331ec3d324e67b9c8d,https://ss-cnt-001c.esmsv.com/r/content/host1/70a2ea70385dbf5c122bf2b80521ef1f/editor/260.png
events_261_1b541b22.jpg,events,720,540,32095,Registro fotográfico de evento realizado,pending,https://centrorental.com.ar/--sandra-mihanovich-en-auditorio-belgrano,,,,1b541b22a1235ed876149d2504c3e53e226cdda078fc4b864de4d947f555b4bc,https://ss-cnt-001c.esmsv.com/r/content/host1/70a2ea70385dbf5c122bf2b80521ef1f/editor/261.png
events_262_d086140b.jpg,events,720,540,40510,Registro fotográfico de evento realizado,pending,https://centrorental.com.ar/--sandra-mihanovich-en-auditorio-belgrano,,,,d086140b85042a6bc68c889ff5cdb99ad46cff3e5a1eb829f0a26d2842703942,https://ss-cnt-001c.esmsv.com/r/content/host1/70a2ea70385dbf5c122bf2b80521ef1f/editor/262.png
events_263_a9dd09c4.jpg,events,720,540,43902,Registro fotográfico de evento realizado,pending,https://centrorental.com.ar/--sandra-mihanovich-en-auditorio-belgrano,,,,a9dd09c4af56e812ce6b3ded9fb389b59aa97060b22f9ea81d1e7690c63b4da1,https://ss-cnt-001c.esmsv.com/r/content/host1/70a2ea70385dbf5c122bf2b80521ef1f/editor/263.png
events_264_c07426c1.jpg,events,720,540,40133,Registro fotográfico de evento realizado,pending,https://centrorental.com.ar/--sandra-mihanovich-en-auditorio-belgrano,,,,c07426c19cd3f4d19e7ae590e1daa9ab790cc3b7868b520f4da89ba2aeed4542,https://ss-cnt-001c.esmsv.com/r/content/host1/70a2ea70385dbf5c122bf2b80521ef1f/editor/264.png
events_265_b0bc0188.jpg,events,720,540,29829,Registro fotográfico de evento realizado,pending,https://centrorental.com.ar/--sandra-mihanovich-en-auditorio-belgrano,,,,b0bc018886c5871e080035caa0fc91f20957010369a8bef324fc4eda529489b7,https://ss-cnt-001c.esmsv.com/r/content/host1/70a2ea70385dbf5c122bf2b80521ef1f/editor/265.png
events_879_152057fe.jpg,events,960,720,151096,Registro fotográfico de evento realizado,pending,https://centrorental.com.ar/--transmicion-por-streaming-acto-emb-de-israel-25-anos-atentado,,,,152057fe3dd4667736165b8809fc9ffec9fe06e002eba323eea2785632b983be,https://ss-cnt-001c.esmsv.com/r/content/host1/70a2ea70385dbf5c122bf2b80521ef1f/editor/879.png
events_878_889ac7a2.jpg,events,960,600,100940,Registro fotográfico de evento realizado,pending,https://centrorental.com.ar/--transmicion-por-streaming-acto-emb-de-israel-25-anos-atentado,,,,889ac7a2d024e3885ba508993715e6cd94b95b2e69a66a298392fc0f638e5382,https://ss-cnt-001c.esmsv.com/r/content/host1/70a2ea70385dbf5c122bf2b80521ef1f/editor/878.png
events_877_ea8b3ccb.jpg,events,960,681,97442,Registro fotográfico de evento realizado,pending,https://centrorental.com.ar/--transmicion-por-streaming-acto-emb-de-israel-25-anos-atentado,,,,ea8b3ccb2788606e4fa1a63319bd259b160092969764503766590c3d4f596773,https://ss-cnt-001c.esmsv.com/r/content/host1/70a2ea70385dbf5c122bf2b80521ef1f/editor/877.png
events_876_4fa6064a.jpg,events,859,444,53626,Registro fotográfico de evento realizado,pending,https://centrorental.com.ar/--transmicion-por-streaming-acto-emb-de-israel-25-anos-atentado,,,,4fa6064a1c8b773519c4063b9d249e944423f8345a57863b3ce997ba1f2e3543,https://ss-cnt-001c.esmsv.com/r/content/host1/70a2ea70385dbf5c122bf2b80521ef1f/editor/876.png
events_875_4793d3cd.jpg,events,851,493,32311,Registro fotográfico de evento realizado,pending,https://centrorental.com.ar/--transmicion-por-streaming-acto-emb-de-israel-25-anos-atentado,,,,4793d3cd0f9bf409fdf8fa545c8b6c4f3524c66cac3679c05bc411e58a07b141,https://ss-cnt-001c.esmsv.com/r/content/host1/70a2ea70385dbf5c122bf2b80521ef1f/editor/875.png
events_882_8c85df03.jpg,events,960,863,92322,Registro fotográfico de evento realizado,pending,https://centrorental.com.ar/--transmicion-por-streaming-acto-emb-de-israel-25-anos-atentado,,,,8c85df030ad62e39bce907b6b3c7cfbf6563a18a1b04f50d5b4d54b008f8be67,https://ss-cnt-001c.esmsv.com/r/content/host1/70a2ea70385dbf5c122bf2b80521ef1f/editor/882.png
events_880_b30517ea.jpg,events,855,480,31313,Registro fotográfico de evento realizado,pending,https://centrorental.com.ar/--transmicion-por-streaming-acto-emb-de-israel-25-anos-atentado,,,,b30517ea6f3fd1cf9ff7fac910d901ce3e776752b250c85a4a10062b49586038,https://ss-cnt-001c.esmsv.com/r/content/host1/70a2ea70385dbf5c122bf2b80521ef1f/editor/880.png
events_885_74e677a8.jpg,events,784,488,61142,Registro fotográfico de evento realizado,pending,https://centrorental.com.ar/--transmicion-por-streaming-acto-emb-de-israel-25-anos-atentado,,,,74e677a8831bb4dd9f44c26236885778baa32f3c2235a9156a37e4d97fb1d621,https://ss-cnt-001c.esmsv.com/r/content/host1/70a2ea70385dbf5c122bf2b80521ef1f/editor/885.png
events_886_e677f9e6.jpg,events,960,720,104074,Registro fotográfico de evento realizado,pending,https://centrorental.com.ar/--transmicion-por-streaming-acto-emb-de-israel-25-anos-atentado,,,,e677f9e6191e0ee93807ac18ced6d32433e1a413f36d5d9b95d3d1c8b1696f89,https://ss-cnt-001c.esmsv.com/r/content/host1/70a2ea70385dbf5c122bf2b80521ef1f/editor/886.png
